date,mortgage_arrears,loan_to_income_ratio,debt_service_ratio,mortgage_rate_5yrs_fixed,mortgage_rate_5yrs_variable,policy_rate,prime_rate
2018-01-31,0.2,280.79,16.9,3.19,2.55,1.25,3.45
2018-02-28,,,,3.24,2.5,1.25,3.45
2018-03-31,,,,3.24,2.5,1.25,3.45
2018-04-30,0.2,267.87,16.17,3.24,2.5,1.25,3.45
2018-05-31,,,,3.34,2.45,1.25,3.45
2018-06-30,,,,3.34,2.55,1.25,3.45
2018-07-31,0.2,272.89,16.44,3.34,2.7,1.5,3.7
2018-08-31,,,,3.34,2.8,1.5,3.7
2018-09-30,,,,3.44,2.8,1.5,3.7
2018-10-31,0.2,271.9,16.69,3.54,2.95,1.75,3.95
2018-11-30,,,,3.59,2.95,1.75,3.95
2018-12-31,,,,3.6,3.1,1.75,3.95
2019-01-31,0.21,271.89,17.11,3.59,2.95,1.75,3.95
2019-02-28,,,,3.49,2.95,1.75,3.95
2019-03-31,,,,3.29,2.95,1.75,3.95
2019-04-30,0.21,273.05,16.59,3.09,2.95,1.75,3.95
2019-05-31,,,,2.99,2.95,1.75,3.95
2019-06-30,,,,2.79,2.97,1.75,3.95
2019-07-31,0.21,282.51,16.63,2.77,2.95,1.75,3.95
2019-08-31,,,,2.69,2.99,1.75,3.95
2019-09-30,,,,2.69,2.95,1.75,3.95
2019-10-31,0.21,284.93,16.61,2.79,2.95,1.75,3.95
2019-11-30,,,,2.74,2.95,1.75,3.95
2019-12-31,,,,2.84,2.95,1.75,3.95
2020-01-31,0.21,284.11,16.56,2.82,2.89,1.75,3.95
2020-02-29,,,,2.69,2.35,1.75,3.95
2020-03-31,,,,2.54,2.08,0.25,2.95
2020-04-30,0.22,283.42,15.85,2.54,2.25,0.25,2.45
2020-05-31,,,,2.39,2.2,0.25,2.45
2020-06-30,,,,2.24,2.0,0.25,2.45
2020-07-31,0.22,295.17,15.9,2.09,1.99,0.25,2.45
2020-08-31,,,,1.99,1.9,0.25,2.45
2020-09-30,,,,1.87,1.8,0.25,2.45
2020-10-31,0.2,306.74,15.95,1.83,1.75,0.25,2.45
2020-11-30,,,,1.79,1.7,0.25,2.45
2020-12-31,,,,1.74,1.6,0.25,2.45
2021-01-31,0.19,306.9,15.72,1.69,1.5,0.25,2.45
2021-02-28,,,,1.69,1.5,0.25,2.45
2021-03-31,,,,1.94,1.45,0.25,2.45
2021-04-30,0.17,316.35,16.08,2.04,1.45,0.25,2.45
2021-05-31,,,,2.09,1.43,0.25,2.45
2021-06-30,,,,2.09,1.43,0.25,2.45
2021-07-31,0.16,318.61,16.11,2.09,1.38,0.25,2.45
2021-08-31,,,,2.09,1.35,0.25,2.45
2021-09-30,,,,1.94,1.3,0.25,2.45
2021-10-31,0.14,318.8,16.04,2.19,1.3,0.25,2.45
2021-11-30,,,,2.52,1.3,0.25,2.45
2021-12-31,,,,2.64,1.35,0.25,2.45
2022-01-31,0.13,318.9,16.29,2.74,1.35,0.25,2.45
2022-02-28,,,,2.89,1.41,0.25,2.45
2022-03-31,,,,3.04,1.75,0.5,2.7
2022-04-30,0.12,315.67,17.41,3.29,2.3,1.0,3.2
2022-05-31,,,,3.79,2.7,1.0,3.2
2022-06-30,,,,4.09,3.0,1.5,3.7
2022-07-31,0.12,303.44,18.86,4.54,3.8,2.5,4.7
2022-08-31,,,,4.59,4.0,2.5,4.7
2022-09-30,,,,4.59,4.55,3.25,5.45
2022-10-31,0.12,285.71,19.54,5.14,5.0,3.75,5.45
2022-11-30,,,,5.14,5.05,3.75,5.95
2022-12-31,,,,4.99,5.55,4.25,6.45
2023-01-31,0.12,280.0,19.72,4.79,5.8,4.5,6.45
2023-02-28,,,,4.84,5.8,4.5,6.7
2023-03-31,,,,4.74,5.8,4.5,6.7
2023-04-30,0.12,283.96,19.66,4.59,5.8,4.5,6.7
2023-05-31,,,,4.79,5.8,4.5,6.7
2023-06-30,,,,4.95,6.05,4.75,6.95
2023-07-31,0.13,286.86,20.41,5.19,6.3,5.0,7.2
2023-08-31,,,,5.49,6.3,5.0,7.2
2023-09-30,,,,5.59,6.3,5.0,7.2
2023-10-31,0.14,275.05,20.6,5.72,6.3,5.0,7.2
2023-11-30,,,,5.64,6.3,5.0,7.2
2023-12-31,,,,5.24,6.3,5.0,7.2
2024-01-31,0.15,279.01,20.37,5.09,6.3,5.0,7.2
2024-02-29,,,,4.99,6.3,5.0,7.2
2024-03-31,,,,4.99,6.3,5.0,7.2
2024-04-30,0.15,,,4.94,6.25,5.0,7.2
2024-05-31,,,,4.89,6.25,5.0,7.2
2024-06-30,,,,4.84,6.0,4.75,6.95
2024-07-31,0.16,,,4.74,5.75,4.5,6.7
2024-08-31,,,,4.64,5.7,4.5,6.7
2024-09-30,,,,4.39,5.5,4.25,6.45
2024-10-31,0.17,,,4.39,5.05,3.75,5.95
2024-11-30,,,,4.34,5.01,3.75,5.95
2024-12-31,,,,4.34,4.55,3.25,5.45
2025-01-31,0.18,,,4.27,4.45,3.0,5.45
2025-02-28,,,,4.19,4.35,3.0,5.2
2025-03-31,,,,3.99,4.15,2.75,4.95
2025-04-30,0.19,,,3.99,4.2,2.75,4.95
2025-05-31,,,,3.99,4.25,2.75,4.95
2025-06-30,,,,4.09,4.25,2.75,4.95
2025-07-31,0.2,,,4.19,4.25,2.75,4.95
2025-08-31,,,,4.2,4.27,2.75,4.95
2025-09-30,,,,4.24,4.05,2.5,4.7
2025-10-31,0.21,,,4.14,3.9,2.25,4.7
2025-11-30,,,,4.04,3.75,2.25,4.45
2025-12-31,,,,4.14,3.75,2.25,4.45
2026-01-31,,,,4.14,3.7,2.25,4.45
2026-02-28,,,,3.99,3.7,2.25,4.45
2026-03-31,,,,3.99,3.7,2.25,4.45
2026-04-30,,,,,,2.25,4.45
2026-05-31,,,,,,,4.45
