MONTH_DATE,CITY,COMPOSITE_BENCHMARK,COMPOSITE_BENCHMARK_CHANGE,MORTGAGE_ARREARS,LOAN_TO_INCOME_RATIO,DEBT_SERVICE_RATIO,MORTGAGE_RATE_5YRS_FIXED,MORTGAGE_RATE_5YRS_VARIABLE,POLICY_RATE,POLICY_RATE_CHANGE,BENCHMARK_TO_RATE_RATIO,BENCHMARK_YOY_PERCENTAGE_CHANGE
2018-01-01,CALGARY,420700,,20.0,280.79,16.9,3.19,2.55,1.25,,336560.0,
2018-02-01,CALGARY,423100,2400.0,,,,3.24,2.5,1.25,0.0,338480.0,
2018-03-01,CALGARY,425500,2400.0,,,,3.24,2.5,1.25,0.0,340400.0,
2018-04-01,CALGARY,426800,1300.0,20.0,267.87,16.17,3.24,2.5,1.25,0.0,341440.0,
2018-05-01,CALGARY,426900,100.0,,,,3.34,2.45,1.25,0.0,341520.0,
2018-06-01,CALGARY,427800,900.0,,,,3.34,2.55,1.25,0.0,342240.0,
2018-07-01,CALGARY,426200,-1600.0,20.0,272.89,16.44,3.34,2.7,1.5,0.25,284133.33,
2018-08-01,CALGARY,424000,-2200.0,,,,3.34,2.8,1.5,0.0,282666.67,
2018-09-01,CALGARY,420500,-3500.0,,,,3.44,2.8,1.5,0.0,280333.33,
2018-10-01,CALGARY,420400,-100.0,20.0,271.9,16.69,3.54,2.95,1.75,0.25,240228.57,
2018-11-01,CALGARY,417300,-3100.0,,,,3.59,2.95,1.75,0.0,238457.14,
2018-12-01,CALGARY,413200,-4100.0,,,,3.6,3.1,1.75,0.0,236114.29,
2019-01-01,CALGARY,410000,-3200.0,21.0,271.89,17.11,3.59,2.95,1.75,0.0,234285.71,-2.54
2019-02-01,CALGARY,409500,-500.0,,,,3.49,2.95,1.75,0.0,234000.0,-3.21
2019-03-01,CALGARY,411100,1600.0,,,,3.29,2.95,1.75,0.0,234914.29,-3.38
2019-04-01,CALGARY,411900,800.0,21.0,273.05,16.59,3.09,2.95,1.75,0.0,235371.43,-3.49
2019-05-01,CALGARY,413100,1200.0,,,,2.99,2.95,1.75,0.0,236057.14,-3.23
2019-06-01,CALGARY,414100,1000.0,,,,2.79,2.97,1.75,0.0,236628.57,-3.2
2019-07-01,CALGARY,414400,300.0,21.0,282.51,16.63,2.77,2.95,1.75,0.0,236800.0,-2.77
2019-08-01,CALGARY,414100,-300.0,,,,2.69,2.99,1.75,0.0,236628.57,-2.33
2019-09-01,CALGARY,413200,-900.0,,,,2.69,2.95,1.75,0.0,236114.29,-1.74
2019-10-01,CALGARY,411500,-1700.0,21.0,284.93,16.61,2.79,2.95,1.75,0.0,235142.86,-2.12
2019-11-01,CALGARY,407900,-3600.0,,,,2.74,2.95,1.75,0.0,233085.71,-2.25
2019-12-01,CALGARY,406300,-1600.0,,,,2.84,2.95,1.75,0.0,232171.43,-1.67
2020-01-01,CALGARY,404500,-1800.0,21.0,284.11,16.56,2.82,2.89,1.75,0.0,231142.86,-1.34
2020-02-01,CALGARY,406400,1900.0,,,,2.69,2.35,1.75,0.0,232228.57,-0.76
2020-03-01,CALGARY,408500,2100.0,,,,2.54,2.08,0.25,-1.5,1634000.0,-0.63
2020-04-01,CALGARY,404200,-4300.0,22.0,283.42,15.85,2.54,2.25,0.25,0.0,1616800.0,-1.87
2020-05-01,CALGARY,404300,100.0,,,,2.39,2.2,0.25,0.0,1617200.0,-2.13
2020-06-01,CALGARY,403500,-800.0,,,,2.24,2.0,0.25,0.0,1614000.0,-2.56
2020-07-01,CALGARY,409600,6100.0,22.0,295.17,15.9,2.09,1.99,0.25,0.0,1638400.0,-1.16
2020-08-01,CALGARY,412000,2400.0,,,,1.99,1.9,0.25,0.0,1648000.0,-0.51
2020-09-01,CALGARY,413900,1900.0,,,,1.87,1.8,0.25,0.0,1655600.0,0.17
2020-10-01,CALGARY,415900,2000.0,20.0,306.74,15.95,1.83,1.75,0.25,0.0,1663600.0,1.07
2020-11-01,CALGARY,417700,1800.0,,,,1.79,1.7,0.25,0.0,1670800.0,2.4
2020-12-01,CALGARY,417600,-100.0,,,,1.74,1.6,0.25,0.0,1670400.0,2.78
2021-01-01,CALGARY,419600,2000.0,19.0,306.9,15.72,1.69,1.5,0.25,0.0,1678400.0,3.73
2021-02-01,CALGARY,426500,6900.0,,,,1.69,1.5,0.25,0.0,1706000.0,4.95
2021-03-01,CALGARY,439900,13400.0,,,,1.94,1.45,0.25,0.0,1759600.0,7.69
2021-04-01,CALGARY,448100,8200.0,17.0,316.35,16.08,2.04,1.45,0.25,0.0,1792400.0,10.86
2021-05-01,CALGARY,454700,6600.0,,,,2.09,1.43,0.25,0.0,1818800.0,12.47
2021-06-01,CALGARY,458600,3900.0,,,,2.09,1.43,0.25,0.0,1834400.0,13.66
2021-07-01,CALGARY,460600,2000.0,16.0,318.61,16.11,2.09,1.38,0.25,0.0,1842400.0,12.45
2021-08-01,CALGARY,458400,-2200.0,,,,2.09,1.35,0.25,0.0,1833600.0,11.26
2021-09-01,CALGARY,456500,-1900.0,,,,1.94,1.3,0.25,0.0,1826000.0,10.29
2021-10-01,CALGARY,458300,1800.0,14.000000000000002,318.8,16.04,2.19,1.3,0.25,0.0,1833200.0,10.19
2021-11-01,CALGARY,458700,400.0,,,,2.52,1.3,0.25,0.0,1834800.0,9.82
2021-12-01,CALGARY,461500,2800.0,,,,2.64,1.35,0.25,0.0,1846000.0,10.51
2022-01-01,CALGARY,473800,12300.0,13.0,318.9,16.29,2.74,1.35,0.25,0.0,1895200.0,12.92
2022-02-01,CALGARY,501100,27300.0,,,,2.89,1.41,0.25,0.0,2004400.0,17.49
2022-03-01,CALGARY,514600,13500.0,,,,3.04,1.75,0.5,0.25,1029200.0,16.98
2022-04-01,CALGARY,522400,7800.0,12.0,315.67,17.41,3.29,2.3,1.0,0.5,522400.0,16.58
2022-05-01,CALGARY,523500,1100.0,,,,3.79,2.7,1.0,0.0,523500.0,15.13
2022-06-01,CALGARY,521800,-1700.0,,,,4.09,3.0,1.5,0.5,347866.67,13.78
2022-07-01,CALGARY,519000,-2800.0,12.0,303.44,18.86,4.54,3.8,2.5,1.0,207600.0,12.68
2022-08-01,CALGARY,512900,-6100.0,,,,4.59,4.0,2.5,0.0,205160.0,11.89
2022-09-01,CALGARY,507900,-5000.0,,,,4.59,4.55,3.25,0.75,156276.92,11.26
2022-10-01,CALGARY,504500,-3400.0,12.0,285.71,19.54,5.14,5.0,3.75,0.5,134533.33,10.08
2022-11-01,CALGARY,501300,-3200.0,,,,5.14,5.05,3.75,0.0,133680.0,9.29
2022-12-01,CALGARY,498800,-2500.0,,,,4.99,5.55,4.25,0.5,117364.71,8.08
2023-01-01,CALGARY,502600,3800.0,12.0,280.0,19.72,4.79,5.8,4.5,0.25,111688.89,6.08
2023-02-01,CALGARY,512000,9400.0,,,,4.84,5.8,4.5,0.0,113777.78,2.18
2023-03-01,CALGARY,518700,6700.0,,,,4.74,5.8,4.5,0.0,115266.67,0.8
2023-04-01,CALGARY,529400,10700.0,12.0,283.96,19.66,4.59,5.8,4.5,0.0,117644.44,1.34
2023-05-01,CALGARY,536100,6700.0,,,,4.79,5.8,4.5,0.0,119133.33,2.41
2023-06-01,CALGARY,543300,7200.0,,,,4.95,6.05,4.75,0.25,114378.95,4.12
2023-07-01,CALGARY,546000,2700.0,13.0,286.86,20.41,5.19,6.3,5.0,0.25,109200.0,5.2
2023-08-01,CALGARY,548200,2200.0,,,,5.49,6.3,5.0,0.0,109640.0,6.88
2023-09-01,CALGARY,548200,0.0,,,,5.59,6.3,5.0,0.0,109640.0,7.93
2023-10-01,CALGARY,549800,1600.0,14.000000000000002,275.05,20.6,5.72,6.3,5.0,0.0,109960.0,8.98
2023-11-01,CALGARY,551700,1900.0,,,,5.64,6.3,5.0,0.0,110340.0,10.05
2023-12-01,CALGARY,548600,-3100.0,,,,5.24,6.3,5.0,0.0,109720.0,9.98
2024-01-01,CALGARY,552500,3900.0,15.0,279.01,20.37,5.09,6.3,5.0,0.0,110500.0,9.93
2024-02-01,CALGARY,564800,12300.0,,,,4.99,6.3,5.0,0.0,112960.0,10.31
2024-03-01,CALGARY,574900,10100.0,,,,4.99,6.3,5.0,0.0,114980.0,10.83
2024-04-01,CALGARY,581500,6600.0,15.0,,20.25,4.94,6.25,5.0,0.0,116300.0,9.84
2024-05-01,CALGARY,588000,6500.0,,,,4.89,6.25,5.0,0.0,117600.0,9.68
2024-06-01,CALGARY,589900,1900.0,,,,4.84,6.0,4.75,-0.25,124189.47,8.58
2024-07-01,CALGARY,589500,-400.0,16.0,,20.01,4.74,5.75,4.5,-0.25,131000.0,7.97
2024-08-01,CALGARY,587100,-2400.0,,,,4.64,5.7,4.5,0.0,130466.67,7.1
2024-09-01,CALGARY,583200,-3900.0,,,,4.39,5.5,4.25,-0.25,137223.53,6.38
2024-10-01,CALGARY,578900,-4300.0,17.0,,19.81,4.39,5.05,3.75,-0.5,154373.33,5.29
2024-11-01,CALGARY,576600,-2300.0,,,,4.34,5.01,3.75,0.0,153760.0,4.51
2024-12-01,CALGARY,573400,-3200.0,,,,4.34,4.55,3.25,-0.5,176430.77,4.52
2025-01-01,CALGARY,574100,700.0,18.0,,19.48,4.27,4.45,3.0,-0.25,191366.67,3.91
2025-02-01,CALGARY,577700,3600.0,,,,4.19,4.35,3.0,0.0,192566.67,2.28
2025-03-01,CALGARY,583500,5800.0,,,,3.99,4.15,2.75,-0.25,212181.82,1.5
2025-04-01,CALGARY,583300,-200.0,19.0,,18.84,3.99,4.2,2.75,0.0,212109.09,0.31
2025-05-01,CALGARY,583500,200.0,,,,3.99,4.25,2.75,0.0,212181.82,-0.77
2025-06-01,CALGARY,580700,-2800.0,,,,4.09,4.25,2.75,0.0,211163.64,-1.56
2025-07-01,CALGARY,578300,-2400.0,20.0,,18.96,4.19,4.25,2.75,0.0,210290.91,-1.9
2025-08-01,CALGARY,573000,-5300.0,,,,4.2,4.27,2.75,0.0,208363.64,-2.4
2025-09-01,CALGARY,568000,-5000.0,,,,4.24,4.05,2.5,-0.25,227200.0,-2.61
2025-10-01,CALGARY,565500,-2500.0,21.0,,18.77,4.14,3.9,2.25,-0.25,251333.33,-2.31
2025-11-01,CALGARY,557700,-7800.0,,,,4.04,3.75,2.25,0.0,247866.67,-3.28
2025-12-01,CALGARY,554800,-2900.0,,,,4.14,3.75,2.25,0.0,246577.78,-3.24
2026-01-01,CALGARY,555500,700.0,,,,4.14,3.7,2.25,0.0,246888.89,-3.24
2026-02-01,CALGARY,562000,6500.0,,,,3.99,3.7,2.25,0.0,249777.78,-2.72
2018-01-01,EDMONTON,345000,,20.0,280.79,16.9,3.19,2.55,1.25,,276000.0,
2018-02-01,EDMONTON,348900,3900.0,,,,3.24,2.5,1.25,0.0,279120.0,
2018-03-01,EDMONTON,351500,2600.0,,,,3.24,2.5,1.25,0.0,281200.0,
2018-04-01,EDMONTON,352900,1400.0,20.0,267.87,16.17,3.24,2.5,1.25,0.0,282320.0,
2018-05-01,EDMONTON,355100,2200.0,,,,3.34,2.45,1.25,0.0,284080.0,
2018-06-01,EDMONTON,355100,0.0,,,,3.34,2.55,1.25,0.0,284080.0,
2018-07-01,EDMONTON,353700,-1400.0,20.0,272.89,16.44,3.34,2.7,1.5,0.25,235800.0,
2018-08-01,EDMONTON,351200,-2500.0,,,,3.34,2.8,1.5,0.0,234133.33,
2018-09-01,EDMONTON,347200,-4000.0,,,,3.44,2.8,1.5,0.0,231466.67,
2018-10-01,EDMONTON,344800,-2400.0,20.0,271.9,16.69,3.54,2.95,1.75,0.25,197028.57,
2018-11-01,EDMONTON,342500,-2300.0,,,,3.59,2.95,1.75,0.0,195714.29,
2018-12-01,EDMONTON,339600,-2900.0,,,,3.6,3.1,1.75,0.0,194057.14,
2019-01-01,EDMONTON,337600,-2000.0,21.0,271.89,17.11,3.59,2.95,1.75,0.0,192914.29,-2.14
2019-02-01,EDMONTON,338100,500.0,,,,3.49,2.95,1.75,0.0,193200.0,-3.1
2019-03-01,EDMONTON,342400,4300.0,,,,3.29,2.95,1.75,0.0,195657.14,-2.59
2019-04-01,EDMONTON,343900,1500.0,21.0,273.05,16.59,3.09,2.95,1.75,0.0,196514.29,-2.55
2019-05-01,EDMONTON,345600,1700.0,,,,2.99,2.95,1.75,0.0,197485.71,-2.68
2019-06-01,EDMONTON,346400,800.0,,,,2.79,2.97,1.75,0.0,197942.86,-2.45
2019-07-01,EDMONTON,345600,-800.0,21.0,282.51,16.63,2.77,2.95,1.75,0.0,197485.71,-2.29
2019-08-01,EDMONTON,344000,-1600.0,,,,2.69,2.99,1.75,0.0,196571.43,-2.05
2019-09-01,EDMONTON,341700,-2300.0,,,,2.69,2.95,1.75,0.0,195257.14,-1.58
2019-10-01,EDMONTON,340300,-1400.0,21.0,284.93,16.61,2.79,2.95,1.75,0.0,194457.14,-1.31
2019-11-01,EDMONTON,337700,-2600.0,,,,2.74,2.95,1.75,0.0,192971.43,-1.4
2019-12-01,EDMONTON,333900,-3800.0,,,,2.84,2.95,1.75,0.0,190800.0,-1.68
2020-01-01,EDMONTON,334700,800.0,21.0,284.11,16.56,2.82,2.89,1.75,0.0,191257.14,-0.86
2020-02-01,EDMONTON,334400,-300.0,,,,2.69,2.35,1.75,0.0,191085.71,-1.09
2020-03-01,EDMONTON,338700,4300.0,,,,2.54,2.08,0.25,-1.5,1354800.0,-1.08
2020-04-01,EDMONTON,337100,-1600.0,22.0,283.42,15.85,2.54,2.25,0.25,0.0,1348400.0,-1.98
2020-05-01,EDMONTON,338300,1200.0,,,,2.39,2.2,0.25,0.0,1353200.0,-2.11
2020-06-01,EDMONTON,342700,4400.0,,,,2.24,2.0,0.25,0.0,1370800.0,-1.07
2020-07-01,EDMONTON,344500,1800.0,22.0,295.17,15.9,2.09,1.99,0.25,0.0,1378000.0,-0.32
2020-08-01,EDMONTON,347400,2900.0,,,,1.99,1.9,0.25,0.0,1389600.0,0.99
2020-09-01,EDMONTON,348100,700.0,,,,1.87,1.8,0.25,0.0,1392400.0,1.87
2020-10-01,EDMONTON,347700,-400.0,20.0,306.74,15.95,1.83,1.75,0.25,0.0,1390800.0,2.17
2020-11-01,EDMONTON,348500,800.0,,,,1.79,1.7,0.25,0.0,1394000.0,3.2
2020-12-01,EDMONTON,347900,-600.0,,,,1.74,1.6,0.25,0.0,1391600.0,4.19
2021-01-01,EDMONTON,348000,100.0,19.0,306.9,15.72,1.69,1.5,0.25,0.0,1392000.0,3.97
2021-02-01,EDMONTON,352400,4400.0,,,,1.69,1.5,0.25,0.0,1409600.0,5.38
2021-03-01,EDMONTON,360100,7700.0,,,,1.94,1.45,0.25,0.0,1440400.0,6.32
2021-04-01,EDMONTON,367200,7100.0,17.0,316.35,16.08,2.04,1.45,0.25,0.0,1468800.0,8.93
2021-05-01,EDMONTON,371800,4600.0,,,,2.09,1.43,0.25,0.0,1487200.0,9.9
2021-06-01,EDMONTON,374400,2600.0,,,,2.09,1.43,0.25,0.0,1497600.0,9.25
2021-07-01,EDMONTON,374200,-200.0,16.0,318.61,16.11,2.09,1.38,0.25,0.0,1496800.0,8.62
2021-08-01,EDMONTON,372600,-1600.0,,,,2.09,1.35,0.25,0.0,1490400.0,7.25
2021-09-01,EDMONTON,369900,-2700.0,,,,1.94,1.3,0.25,0.0,1479600.0,6.26
2021-10-01,EDMONTON,370900,1000.0,14.000000000000002,318.8,16.04,2.19,1.3,0.25,0.0,1483600.0,6.67
2021-11-01,EDMONTON,365600,-5300.0,,,,2.52,1.3,0.25,0.0,1462400.0,4.91
2021-12-01,EDMONTON,365100,-500.0,,,,2.64,1.35,0.25,0.0,1460400.0,4.94
2022-01-01,EDMONTON,371100,6000.0,13.0,318.9,16.29,2.74,1.35,0.25,0.0,1484400.0,6.64
2022-02-01,EDMONTON,382900,11800.0,,,,2.89,1.41,0.25,0.0,1531600.0,8.65
2022-03-01,EDMONTON,397400,14500.0,,,,3.04,1.75,0.5,0.25,794800.0,10.36
2022-04-01,EDMONTON,404100,6700.0,12.0,315.67,17.41,3.29,2.3,1.0,0.5,404100.0,10.05
2022-05-01,EDMONTON,404100,0.0,,,,3.79,2.7,1.0,0.0,404100.0,8.69
2022-06-01,EDMONTON,403500,-600.0,,,,4.09,3.0,1.5,0.5,269000.0,7.77
2022-07-01,EDMONTON,397700,-5800.0,12.0,303.44,18.86,4.54,3.8,2.5,1.0,159080.0,6.28
2022-08-01,EDMONTON,386900,-10800.0,,,,4.59,4.0,2.5,0.0,154760.0,3.84
2022-09-01,EDMONTON,376900,-10000.0,,,,4.59,4.55,3.25,0.75,115969.23,1.89
2022-10-01,EDMONTON,366600,-10300.0,12.0,285.71,19.54,5.14,5.0,3.75,0.5,97760.0,-1.16
2022-11-01,EDMONTON,361300,-5300.0,,,,5.14,5.05,3.75,0.0,96346.67,-1.18
2022-12-01,EDMONTON,359900,-1400.0,,,,4.99,5.55,4.25,0.5,84682.35,-1.42
2023-01-01,EDMONTON,357000,-2900.0,12.0,280.0,19.72,4.79,5.8,4.5,0.25,79333.33,-3.8
2023-02-01,EDMONTON,359200,2200.0,,,,4.84,5.8,4.5,0.0,79822.22,-6.19
2023-03-01,EDMONTON,366900,7700.0,,,,4.74,5.8,4.5,0.0,81533.33,-7.67
2023-04-01,EDMONTON,367800,900.0,12.0,283.96,19.66,4.59,5.8,4.5,0.0,81733.33,-8.98
2023-05-01,EDMONTON,369800,2000.0,,,,4.79,5.8,4.5,0.0,82177.78,-8.49
2023-06-01,EDMONTON,374400,4600.0,,,,4.95,6.05,4.75,0.25,78821.05,-7.21
2023-07-01,EDMONTON,372600,-1800.0,13.0,286.86,20.41,5.19,6.3,5.0,0.25,74520.0,-6.31
2023-08-01,EDMONTON,371900,-700.0,,,,5.49,6.3,5.0,0.0,74380.0,-3.88
2023-09-01,EDMONTON,370800,-1100.0,,,,5.59,6.3,5.0,0.0,74160.0,-1.62
2023-10-01,EDMONTON,367700,-3100.0,14.000000000000002,275.05,20.6,5.72,6.3,5.0,0.0,73540.0,0.3
2023-11-01,EDMONTON,365500,-2200.0,,,,5.64,6.3,5.0,0.0,73100.0,1.16
2023-12-01,EDMONTON,367500,2000.0,,,,5.24,6.3,5.0,0.0,73500.0,2.11
2024-01-01,EDMONTON,366800,-700.0,15.0,279.01,20.37,5.09,6.3,5.0,0.0,73360.0,2.75
2024-02-01,EDMONTON,374900,8100.0,,,,4.99,6.3,5.0,0.0,74980.0,4.37
2024-03-01,EDMONTON,383200,8300.0,,,,4.99,6.3,5.0,0.0,76640.0,4.44
2024-04-01,EDMONTON,387900,4700.0,15.0,,20.25,4.94,6.25,5.0,0.0,77580.0,5.46
2024-05-01,EDMONTON,391500,3600.0,,,,4.89,6.25,5.0,0.0,78300.0,5.87
2024-06-01,EDMONTON,400000,8500.0,,,,4.84,6.0,4.75,-0.25,84210.53,6.84
2024-07-01,EDMONTON,398400,-1600.0,16.0,,20.01,4.74,5.75,4.5,-0.25,88533.33,6.92
2024-08-01,EDMONTON,398700,300.0,,,,4.64,5.7,4.5,0.0,88600.0,7.21
2024-09-01,EDMONTON,397500,-1200.0,,,,4.39,5.5,4.25,-0.25,93529.41,7.2
2024-10-01,EDMONTON,395100,-2400.0,17.0,,19.81,4.39,5.05,3.75,-0.5,105360.0,7.45
2024-11-01,EDMONTON,393600,-1500.0,,,,4.34,5.01,3.75,0.0,104960.0,7.69
2024-12-01,EDMONTON,395800,2200.0,,,,4.34,4.55,3.25,-0.5,121784.62,7.7
2025-01-01,EDMONTON,410900,15100.0,18.0,,19.48,4.27,4.45,3.0,-0.25,136966.67,12.02
2025-02-01,EDMONTON,420800,9900.0,,,,4.19,4.35,3.0,0.0,140266.67,12.24
2025-03-01,EDMONTON,430900,10100.0,,,,3.99,4.15,2.75,-0.25,156690.91,12.45
2025-04-01,EDMONTON,430700,-200.0,19.0,,18.84,3.99,4.2,2.75,0.0,156618.18,11.03
2025-05-01,EDMONTON,432200,1500.0,,,,3.99,4.25,2.75,0.0,157163.64,10.4
2025-06-01,EDMONTON,433000,800.0,,,,4.09,4.25,2.75,0.0,157454.55,8.25
2025-07-01,EDMONTON,421800,-11200.0,20.0,,18.96,4.19,4.25,2.75,0.0,153381.82,5.87
2025-08-01,EDMONTON,421800,0.0,,,,4.2,4.27,2.75,0.0,153381.82,5.79
2025-09-01,EDMONTON,417100,-4700.0,,,,4.24,4.05,2.5,-0.25,166840.0,4.93
2025-10-01,EDMONTON,413800,-3300.0,21.0,,18.77,4.14,3.9,2.25,-0.25,183911.11,4.73
2025-11-01,EDMONTON,408600,-5200.0,,,,4.04,3.75,2.25,0.0,181600.0,3.81
2025-12-01,EDMONTON,408300,-300.0,,,,4.14,3.75,2.25,0.0,181466.67,3.16
2026-01-01,EDMONTON,409000,700.0,,,,4.14,3.7,2.25,0.0,181777.78,-0.46
2026-02-01,EDMONTON,412300,3300.0,,,,3.99,3.7,2.25,0.0,183244.44,-2.02
2018-01-01,GREATER_TORONTO,749600,,20.0,280.79,16.9,3.19,2.55,1.25,,599680.0,
2018-02-01,GREATER_TORONTO,756000,6400.0,,,,3.24,2.5,1.25,0.0,604800.0,
2018-03-01,GREATER_TORONTO,763700,7700.0,,,,3.24,2.5,1.25,0.0,610960.0,
2018-04-01,GREATER_TORONTO,768300,4600.0,20.0,267.87,16.17,3.24,2.5,1.25,0.0,614640.0,
2018-05-01,GREATER_TORONTO,768600,300.0,,,,3.34,2.45,1.25,0.0,614880.0,
2018-06-01,GREATER_TORONTO,763800,-4800.0,,,,3.34,2.55,1.25,0.0,611040.0,
2018-07-01,GREATER_TORONTO,762100,-1700.0,20.0,272.89,16.44,3.34,2.7,1.5,0.25,508066.67,
2018-08-01,GREATER_TORONTO,757900,-4200.0,,,,3.34,2.8,1.5,0.0,505266.67,
2018-09-01,GREATER_TORONTO,761200,3300.0,,,,3.44,2.8,1.5,0.0,507466.67,
2018-10-01,GREATER_TORONTO,759500,-1700.0,20.0,271.9,16.69,3.54,2.95,1.75,0.25,434000.0,
2018-11-01,GREATER_TORONTO,755000,-4500.0,,,,3.59,2.95,1.75,0.0,431428.57,
2018-12-01,GREATER_TORONTO,751500,-3500.0,,,,3.6,3.1,1.75,0.0,429428.57,
2019-01-01,GREATER_TORONTO,753200,1700.0,21.0,271.89,17.11,3.59,2.95,1.75,0.0,430400.0,0.48
2019-02-01,GREATER_TORONTO,760500,7300.0,,,,3.49,2.95,1.75,0.0,434571.43,0.6
2019-03-01,GREATER_TORONTO,766200,5700.0,,,,3.29,2.95,1.75,0.0,437828.57,0.33
2019-04-01,GREATER_TORONTO,770700,4500.0,21.0,273.05,16.59,3.09,2.95,1.75,0.0,440400.0,0.31
2019-05-01,GREATER_TORONTO,773400,2700.0,,,,2.99,2.95,1.75,0.0,441942.86,0.62
2019-06-01,GREATER_TORONTO,773800,400.0,,,,2.79,2.97,1.75,0.0,442171.43,1.31
2019-07-01,GREATER_TORONTO,774200,400.0,21.0,282.51,16.63,2.77,2.95,1.75,0.0,442400.0,1.59
2019-08-01,GREATER_TORONTO,774100,-100.0,,,,2.69,2.99,1.75,0.0,442342.86,2.14
2019-09-01,GREATER_TORONTO,776100,2000.0,,,,2.69,2.95,1.75,0.0,443485.71,1.96
2019-10-01,GREATER_TORONTO,781700,5600.0,21.0,284.93,16.61,2.79,2.95,1.75,0.0,446685.71,2.92
2019-11-01,GREATER_TORONTO,784000,2300.0,,,,2.74,2.95,1.75,0.0,448000.0,3.84
2019-12-01,GREATER_TORONTO,785100,1100.0,,,,2.84,2.95,1.75,0.0,448628.57,4.47
2020-01-01,GREATER_TORONTO,799400,14300.0,21.0,284.11,16.56,2.82,2.89,1.75,0.0,456800.0,6.13
2020-02-01,GREATER_TORONTO,825000,25600.0,,,,2.69,2.35,1.75,0.0,471428.57,8.48
2020-03-01,GREATER_TORONTO,837100,12100.0,,,,2.54,2.08,0.25,-1.5,3348400.0,9.25
2020-04-01,GREATER_TORONTO,823600,-13500.0,22.0,283.42,15.85,2.54,2.25,0.25,0.0,3294400.0,6.86
2020-05-01,GREATER_TORONTO,827700,4100.0,,,,2.39,2.2,0.25,0.0,3310800.0,7.02
2020-06-01,GREATER_TORONTO,836600,8900.0,,,,2.24,2.0,0.25,0.0,3346400.0,8.12
2020-07-01,GREATER_TORONTO,848700,12100.0,22.0,295.17,15.9,2.09,1.99,0.25,0.0,3394800.0,9.62
2020-08-01,GREATER_TORONTO,862500,13800.0,,,,1.99,1.9,0.25,0.0,3450000.0,11.42
2020-09-01,GREATER_TORONTO,865800,3300.0,,,,1.87,1.8,0.25,0.0,3463200.0,11.56
2020-10-01,GREATER_TORONTO,869600,3800.0,20.0,306.74,15.95,1.83,1.75,0.25,0.0,3478400.0,11.24
2020-11-01,GREATER_TORONTO,881800,12200.0,,,,1.79,1.7,0.25,0.0,3527200.0,12.47
2020-12-01,GREATER_TORONTO,892400,10600.0,,,,1.74,1.6,0.25,0.0,3569600.0,13.67
2021-01-01,GREATER_TORONTO,924500,32100.0,19.0,306.9,15.72,1.69,1.5,0.25,0.0,3698000.0,15.65
2021-02-01,GREATER_TORONTO,966600,42100.0,,,,1.69,1.5,0.25,0.0,3866400.0,17.16
2021-03-01,GREATER_TORONTO,994100,27500.0,,,,1.94,1.45,0.25,0.0,3976400.0,18.76
2021-04-01,GREATER_TORONTO,1006200,12100.0,17.0,316.35,16.08,2.04,1.45,0.25,0.0,4024800.0,22.17
2021-05-01,GREATER_TORONTO,1028700,22500.0,,,,2.09,1.43,0.25,0.0,4114800.0,24.28
2021-06-01,GREATER_TORONTO,1026400,-2300.0,,,,2.09,1.43,0.25,0.0,4105600.0,22.69
2021-07-01,GREATER_TORONTO,1032800,6400.0,16.0,318.61,16.11,2.09,1.38,0.25,0.0,4131200.0,21.69
2021-08-01,GREATER_TORONTO,1040300,7500.0,,,,2.09,1.35,0.25,0.0,4161200.0,20.61
2021-09-01,GREATER_TORONTO,1067000,26700.0,,,,1.94,1.3,0.25,0.0,4268000.0,23.24
2021-10-01,GREATER_TORONTO,1090600,23600.0,14.000000000000002,318.8,16.04,2.19,1.3,0.25,0.0,4362400.0,25.41
2021-11-01,GREATER_TORONTO,1116700,26100.0,,,,2.52,1.3,0.25,0.0,4466800.0,26.64
2021-12-01,GREATER_TORONTO,1138400,21700.0,,,,2.64,1.35,0.25,0.0,4553600.0,27.57
2022-01-01,GREATER_TORONTO,1213500,75100.0,13.0,318.9,16.29,2.74,1.35,0.25,0.0,4854000.0,31.26
2022-02-01,GREATER_TORONTO,1279800,66300.0,,,,2.89,1.41,0.25,0.0,5119200.0,32.4
2022-03-01,GREATER_TORONTO,1276200,-3600.0,,,,3.04,1.75,0.5,0.25,2552400.0,28.38
2022-04-01,GREATER_TORONTO,1240800,-35400.0,12.0,315.67,17.41,3.29,2.3,1.0,0.5,1240800.0,23.32
2022-05-01,GREATER_TORONTO,1199100,-41700.0,,,,3.79,2.7,1.0,0.0,1199100.0,16.56
2022-06-01,GREATER_TORONTO,1149400,-49700.0,,,,4.09,3.0,1.5,0.5,766266.67,11.98
2022-07-01,GREATER_TORONTO,1101500,-47900.0,12.0,303.44,18.86,4.54,3.8,2.5,1.0,440600.0,6.65
2022-08-01,GREATER_TORONTO,1075000,-26500.0,,,,4.59,4.0,2.5,0.0,430000.0,3.34
2022-09-01,GREATER_TORONTO,1064400,-10600.0,,,,4.59,4.55,3.25,0.75,327507.69,-0.24
2022-10-01,GREATER_TORONTO,1048100,-16300.0,12.0,285.71,19.54,5.14,5.0,3.75,0.5,279493.33,-3.9
2022-11-01,GREATER_TORONTO,1039200,-8900.0,,,,5.14,5.05,3.75,0.0,277120.0,-6.94
2022-12-01,GREATER_TORONTO,1027500,-11700.0,,,,4.99,5.55,4.25,0.5,241764.71,-9.74
2023-01-01,GREATER_TORONTO,1028400,900.0,12.0,280.0,19.72,4.79,5.8,4.5,0.25,228533.33,-15.25
2023-02-01,GREATER_TORONTO,1044500,16100.0,,,,4.84,5.8,4.5,0.0,232111.11,-18.39
2023-03-01,GREATER_TORONTO,1068700,24200.0,,,,4.74,5.8,4.5,0.0,237488.89,-16.26
2023-04-01,GREATER_TORONTO,1096000,27300.0,12.0,283.96,19.66,4.59,5.8,4.5,0.0,243555.56,-11.67
2023-05-01,GREATER_TORONTO,1119700,23700.0,,,,4.79,5.8,4.5,0.0,248822.22,-6.62
2023-06-01,GREATER_TORONTO,1120400,700.0,,,,4.95,6.05,4.75,0.25,235873.68,-2.52
2023-07-01,GREATER_TORONTO,1109800,-10600.0,13.0,286.86,20.41,5.19,6.3,5.0,0.25,221960.0,0.75
2023-08-01,GREATER_TORONTO,1091300,-18500.0,,,,5.49,6.3,5.0,0.0,218260.0,1.52
2023-09-01,GREATER_TORONTO,1079100,-12200.0,,,,5.59,6.3,5.0,0.0,215820.0,1.38
2023-10-01,GREATER_TORONTO,1054800,-24300.0,14.000000000000002,275.05,20.6,5.72,6.3,5.0,0.0,210960.0,0.64
2023-11-01,GREATER_TORONTO,1032100,-22700.0,,,,5.64,6.3,5.0,0.0,206420.0,-0.68
2023-12-01,GREATER_TORONTO,1023000,-9100.0,,,,5.24,6.3,5.0,0.0,204600.0,-0.44
2024-01-01,GREATER_TORONTO,1027000,4000.0,15.0,279.01,20.37,5.09,6.3,5.0,0.0,205400.0,-0.14
2024-02-01,GREATER_TORONTO,1051600,24600.0,,,,4.99,6.3,5.0,0.0,210320.0,0.68
2024-03-01,GREATER_TORONTO,1069300,17700.0,,,,4.99,6.3,5.0,0.0,213860.0,0.06
2024-04-01,GREATER_TORONTO,1067300,-2000.0,15.0,,20.25,4.94,6.25,5.0,0.0,213460.0,-2.62
2024-05-01,GREATER_TORONTO,1060400,-6900.0,,,,4.89,6.25,5.0,0.0,212080.0,-5.3
2024-06-01,GREATER_TORONTO,1053200,-7200.0,,,,4.84,6.0,4.75,-0.25,221726.32,-6.0
2024-07-01,GREATER_TORONTO,1037200,-16000.0,16.0,,20.01,4.74,5.75,4.5,-0.25,230488.89,-6.54
2024-08-01,GREATER_TORONTO,1022600,-14600.0,,,,4.64,5.7,4.5,0.0,227244.44,-6.3
2024-09-01,GREATER_TORONTO,1015900,-6700.0,,,,4.39,5.5,4.25,-0.25,239035.29,-5.86
2024-10-01,GREATER_TORONTO,1007600,-8300.0,17.0,,19.81,4.39,5.05,3.75,-0.5,268693.33,-4.47
2024-11-01,GREATER_TORONTO,1010300,2700.0,,,,4.34,5.01,3.75,0.0,269413.33,-2.11
2024-12-01,GREATER_TORONTO,1005900,-4400.0,,,,4.34,4.55,3.25,-0.5,309507.69,-1.67
2025-01-01,GREATER_TORONTO,1017600,11700.0,18.0,,19.48,4.27,4.45,3.0,-0.25,339200.0,-0.92
2025-02-01,GREATER_TORONTO,1019100,1500.0,,,,4.19,4.35,3.0,0.0,339700.0,-3.09
2025-03-01,GREATER_TORONTO,1017300,-1800.0,,,,3.99,4.15,2.75,-0.25,369927.27,-4.86
2025-04-01,GREATER_TORONTO,1010100,-7200.0,19.0,,18.84,3.99,4.2,2.75,0.0,367309.09,-5.36
2025-05-01,GREATER_TORONTO,1014300,4200.0,,,,3.99,4.25,2.75,0.0,368836.36,-4.35
2025-06-01,GREATER_TORONTO,994600,-19700.0,,,,4.09,4.25,2.75,0.0,361672.73,-5.56
2025-07-01,GREATER_TORONTO,980100,-14500.0,20.0,,18.96,4.19,4.25,2.75,0.0,356400.0,-5.51
2025-08-01,GREATER_TORONTO,969100,-11000.0,,,,4.2,4.27,2.75,0.0,352400.0,-5.23
2025-09-01,GREATER_TORONTO,962300,-6800.0,,,,4.24,4.05,2.5,-0.25,384920.0,-5.28
2025-10-01,GREATER_TORONTO,957200,-5100.0,21.0,,18.77,4.14,3.9,2.25,-0.25,425422.22,-5.0
2025-11-01,GREATER_TORONTO,951700,-5500.0,,,,4.04,3.75,2.25,0.0,422977.78,-5.8
2025-12-01,GREATER_TORONTO,942300,-9400.0,,,,4.14,3.75,2.25,0.0,418800.0,-6.32
2026-01-01,GREATER_TORONTO,935200,-7100.0,,,,4.14,3.7,2.25,0.0,415644.44,-8.1
2026-02-01,GREATER_TORONTO,938800,3600.0,,,,3.99,3.7,2.25,0.0,417244.44,-7.88
2018-01-01,GREATER_VANCOUVER,1029400,,20.0,280.79,16.9,3.19,2.55,1.25,,823520.0,
2018-02-01,GREATER_VANCOUVER,1031900,2500.0,,,,3.24,2.5,1.25,0.0,825520.0,
2018-03-01,GREATER_VANCOUVER,1032900,1000.0,,,,3.24,2.5,1.25,0.0,826320.0,
2018-04-01,GREATER_VANCOUVER,1026400,-6500.0,20.0,267.87,16.17,3.24,2.5,1.25,0.0,821120.0,
2018-05-01,GREATER_VANCOUVER,1017700,-8700.0,,,,3.34,2.45,1.25,0.0,814160.0,
2018-06-01,GREATER_VANCOUVER,1011500,-6200.0,,,,3.34,2.55,1.25,0.0,809200.0,
2018-07-01,GREATER_VANCOUVER,1000900,-10600.0,20.0,272.89,16.44,3.34,2.7,1.5,0.25,667266.67,
2018-08-01,GREATER_VANCOUVER,986600,-14300.0,,,,3.34,2.8,1.5,0.0,657733.33,
2018-09-01,GREATER_VANCOUVER,969900,-16700.0,,,,3.44,2.8,1.5,0.0,646600.0,
2018-10-01,GREATER_VANCOUVER,960500,-9400.0,20.0,271.9,16.69,3.54,2.95,1.75,0.25,548857.14,
2018-11-01,GREATER_VANCOUVER,940700,-19800.0,,,,3.59,2.95,1.75,0.0,537542.86,
2018-12-01,GREATER_VANCOUVER,929200,-11500.0,,,,3.6,3.1,1.75,0.0,530971.43,
2019-01-01,GREATER_VANCOUVER,911900,-17300.0,21.0,271.89,17.11,3.59,2.95,1.75,0.0,521085.71,-11.41
2019-02-01,GREATER_VANCOUVER,905200,-6700.0,,,,3.49,2.95,1.75,0.0,517257.14,-12.28
2019-03-01,GREATER_VANCOUVER,901300,-3900.0,,,,3.29,2.95,1.75,0.0,515028.57,-12.74
2019-04-01,GREATER_VANCOUVER,895800,-5500.0,21.0,273.05,16.59,3.09,2.95,1.75,0.0,511885.71,-12.72
2019-05-01,GREATER_VANCOUVER,886400,-9400.0,,,,2.99,2.95,1.75,0.0,506514.29,-12.9
2019-06-01,GREATER_VANCOUVER,882500,-3900.0,,,,2.79,2.97,1.75,0.0,504285.71,-12.75
2019-07-01,GREATER_VANCOUVER,876900,-5600.0,21.0,282.51,16.63,2.77,2.95,1.75,0.0,501085.71,-12.39
2019-08-01,GREATER_VANCOUVER,878800,1900.0,,,,2.69,2.99,1.75,0.0,502171.43,-10.93
2019-09-01,GREATER_VANCOUVER,882200,3400.0,,,,2.69,2.95,1.75,0.0,504114.29,-9.04
2019-10-01,GREATER_VANCOUVER,886100,3900.0,21.0,284.93,16.61,2.79,2.95,1.75,0.0,506342.86,-7.75
2019-11-01,GREATER_VANCOUVER,890500,4400.0,,,,2.74,2.95,1.75,0.0,508857.14,-5.34
2019-12-01,GREATER_VANCOUVER,894500,4000.0,,,,2.84,2.95,1.75,0.0,511142.86,-3.73
2020-01-01,GREATER_VANCOUVER,905000,10500.0,21.0,284.11,16.56,2.82,2.89,1.75,0.0,517142.86,-0.76
2020-02-01,GREATER_VANCOUVER,917100,12100.0,,,,2.69,2.35,1.75,0.0,524057.14,1.31
2020-03-01,GREATER_VANCOUVER,922400,5300.0,,,,2.54,2.08,0.25,-1.5,3689600.0,2.34
2020-04-01,GREATER_VANCOUVER,921100,-1300.0,22.0,283.42,15.85,2.54,2.25,0.25,0.0,3684400.0,2.82
2020-05-01,GREATER_VANCOUVER,921900,800.0,,,,2.39,2.2,0.25,0.0,3687600.0,4.01
2020-06-01,GREATER_VANCOUVER,922800,900.0,,,,2.24,2.0,0.25,0.0,3691200.0,4.57
2020-07-01,GREATER_VANCOUVER,928100,5300.0,22.0,295.17,15.9,2.09,1.99,0.25,0.0,3712400.0,5.84
2020-08-01,GREATER_VANCOUVER,938700,10600.0,,,,1.99,1.9,0.25,0.0,3754800.0,6.82
2020-09-01,GREATER_VANCOUVER,946800,8100.0,,,,1.87,1.8,0.25,0.0,3787200.0,7.32
2020-10-01,GREATER_VANCOUVER,952100,5300.0,20.0,306.74,15.95,1.83,1.75,0.25,0.0,3808400.0,7.45
2020-11-01,GREATER_VANCOUVER,959700,7600.0,,,,1.79,1.7,0.25,0.0,3838800.0,7.77
2020-12-01,GREATER_VANCOUVER,964900,5200.0,,,,1.74,1.6,0.25,0.0,3859600.0,7.87
2021-01-01,GREATER_VANCOUVER,981200,16300.0,19.0,306.9,15.72,1.69,1.5,0.25,0.0,3924800.0,8.42
2021-02-01,GREATER_VANCOUVER,1012100,30900.0,,,,1.69,1.5,0.25,0.0,4048400.0,10.36
2021-03-01,GREATER_VANCOUVER,1054100,42000.0,,,,1.94,1.45,0.25,0.0,4216400.0,14.28
2021-04-01,GREATER_VANCOUVER,1078000,23900.0,17.0,316.35,16.08,2.04,1.45,0.25,0.0,4312000.0,17.03
2021-05-01,GREATER_VANCOUVER,1086700,8700.0,,,,2.09,1.43,0.25,0.0,4346800.0,17.88
2021-06-01,GREATER_VANCOUVER,1087300,600.0,,,,2.09,1.43,0.25,0.0,4349200.0,17.83
2021-07-01,GREATER_VANCOUVER,1083300,-4000.0,16.0,318.61,16.11,2.09,1.38,0.25,0.0,4333200.0,16.72
2021-08-01,GREATER_VANCOUVER,1087700,4400.0,,,,2.09,1.35,0.25,0.0,4350800.0,15.87
2021-09-01,GREATER_VANCOUVER,1100600,12900.0,,,,1.94,1.3,0.25,0.0,4402400.0,16.24
2021-10-01,GREATER_VANCOUVER,1113800,13200.0,14.000000000000002,318.8,16.04,2.19,1.3,0.25,0.0,4455200.0,16.98
2021-11-01,GREATER_VANCOUVER,1126500,12700.0,,,,2.52,1.3,0.25,0.0,4506000.0,17.38
2021-12-01,GREATER_VANCOUVER,1140800,14300.0,,,,2.64,1.35,0.25,0.0,4563200.0,18.23
2022-01-01,GREATER_VANCOUVER,1177600,36800.0,13.0,318.9,16.29,2.74,1.35,0.25,0.0,4710400.0,20.02
2022-02-01,GREATER_VANCOUVER,1225200,47600.0,,,,2.89,1.41,0.25,0.0,4900800.0,21.06
2022-03-01,GREATER_VANCOUVER,1251300,26100.0,,,,3.04,1.75,0.5,0.25,2502600.0,18.71
2022-04-01,GREATER_VANCOUVER,1252800,1500.0,12.0,315.67,17.41,3.29,2.3,1.0,0.5,1252800.0,16.22
2022-05-01,GREATER_VANCOUVER,1247800,-5000.0,,,,3.79,2.7,1.0,0.0,1247800.0,14.82
2022-06-01,GREATER_VANCOUVER,1223500,-24300.0,,,,4.09,3.0,1.5,0.5,815666.67,12.53
2022-07-01,GREATER_VANCOUVER,1195800,-27700.0,12.0,303.44,18.86,4.54,3.8,2.5,1.0,478320.0,10.38
2022-08-01,GREATER_VANCOUVER,1169700,-26100.0,,,,4.59,4.0,2.5,0.0,467880.0,7.54
2022-09-01,GREATER_VANCOUVER,1144100,-25600.0,,,,4.59,4.55,3.25,0.75,352030.77,3.95
2022-10-01,GREATER_VANCOUVER,1137800,-6300.0,12.0,285.71,19.54,5.14,5.0,3.75,0.5,303413.33,2.15
2022-11-01,GREATER_VANCOUVER,1120800,-17000.0,,,,5.14,5.05,3.75,0.0,298880.0,-0.51
2022-12-01,GREATER_VANCOUVER,1104500,-16300.0,,,,4.99,5.55,4.25,0.5,259882.35,-3.18
2023-01-01,GREATER_VANCOUVER,1106700,2200.0,12.0,280.0,19.72,4.79,5.8,4.5,0.25,245933.33,-6.02
2023-02-01,GREATER_VANCOUVER,1124600,17900.0,,,,4.84,5.8,4.5,0.0,249911.11,-8.21
2023-03-01,GREATER_VANCOUVER,1137800,13200.0,,,,4.74,5.8,4.5,0.0,252844.44,-9.07
2023-04-01,GREATER_VANCOUVER,1164400,26600.0,12.0,283.96,19.66,4.59,5.8,4.5,0.0,258755.56,-7.06
2023-05-01,GREATER_VANCOUVER,1179200,14800.0,,,,4.79,5.8,4.5,0.0,262044.44,-5.5
2023-06-01,GREATER_VANCOUVER,1194500,15300.0,,,,4.95,6.05,4.75,0.25,251473.68,-2.37
2023-07-01,GREATER_VANCOUVER,1201500,7000.0,13.0,286.86,20.41,5.19,6.3,5.0,0.25,240300.0,0.48
2023-08-01,GREATER_VANCOUVER,1200000,-1500.0,,,,5.49,6.3,5.0,0.0,240000.0,2.59
2023-09-01,GREATER_VANCOUVER,1195300,-4700.0,,,,5.59,6.3,5.0,0.0,239060.0,4.48
2023-10-01,GREATER_VANCOUVER,1188400,-6900.0,14.000000000000002,275.05,20.6,5.72,6.3,5.0,0.0,237680.0,4.45
2023-11-01,GREATER_VANCOUVER,1176800,-11600.0,,,,5.64,6.3,5.0,0.0,235360.0,5.0
2023-12-01,GREATER_VANCOUVER,1160500,-16300.0,,,,5.24,6.3,5.0,0.0,232100.0,5.07
2024-01-01,GREATER_VANCOUVER,1161100,600.0,15.0,279.01,20.37,5.09,6.3,5.0,0.0,232220.0,4.92
2024-02-01,GREATER_VANCOUVER,1176300,15200.0,,,,4.99,6.3,5.0,0.0,235260.0,4.6
2024-03-01,GREATER_VANCOUVER,1192700,16400.0,,,,4.99,6.3,5.0,0.0,238540.0,4.83
2024-04-01,GREATER_VANCOUVER,1200900,8200.0,15.0,,20.25,4.94,6.25,5.0,0.0,240180.0,3.13
2024-05-01,GREATER_VANCOUVER,1206900,6000.0,,,,4.89,6.25,5.0,0.0,241380.0,2.35
2024-06-01,GREATER_VANCOUVER,1202100,-4800.0,,,,4.84,6.0,4.75,-0.25,253073.68,0.64
2024-07-01,GREATER_VANCOUVER,1192500,-9600.0,16.0,,20.01,4.74,5.75,4.5,-0.25,265000.0,-0.75
2024-08-01,GREATER_VANCOUVER,1191700,-800.0,,,,4.64,5.7,4.5,0.0,264822.22,-0.69
2024-09-01,GREATER_VANCOUVER,1176700,-15000.0,,,,4.39,5.5,4.25,-0.25,276870.59,-1.56
2024-10-01,GREATER_VANCOUVER,1170700,-6000.0,17.0,,19.81,4.39,5.05,3.75,-0.5,312186.67,-1.49
2024-11-01,GREATER_VANCOUVER,1169300,-1400.0,,,,4.34,5.01,3.75,0.0,311813.33,-0.64
2024-12-01,GREATER_VANCOUVER,1166900,-2400.0,,,,4.34,4.55,3.25,-0.5,359046.15,0.55
2025-01-01,GREATER_VANCOUVER,1168400,1500.0,18.0,,19.48,4.27,4.45,3.0,-0.25,389466.67,0.63
2025-02-01,GREATER_VANCOUVER,1180200,11800.0,,,,4.19,4.35,3.0,0.0,393400.0,0.33
2025-03-01,GREATER_VANCOUVER,1185400,5200.0,,,,3.99,4.15,2.75,-0.25,431054.55,-0.61
2025-04-01,GREATER_VANCOUVER,1180000,-5400.0,19.0,,18.84,3.99,4.2,2.75,0.0,429090.91,-1.74
2025-05-01,GREATER_VANCOUVER,1173100,-6900.0,,,,3.99,4.25,2.75,0.0,426581.82,-2.8
2025-06-01,GREATER_VANCOUVER,1169400,-3700.0,,,,4.09,4.25,2.75,0.0,425236.36,-2.72
2025-07-01,GREATER_VANCOUVER,1160600,-8800.0,20.0,,18.96,4.19,4.25,2.75,0.0,422036.36,-2.68
2025-08-01,GREATER_VANCOUVER,1145900,-14700.0,,,,4.2,4.27,2.75,0.0,416690.91,-3.84
2025-09-01,GREATER_VANCOUVER,1138300,-7600.0,,,,4.24,4.05,2.5,-0.25,455320.0,-3.26
2025-10-01,GREATER_VANCOUVER,1127100,-11200.0,21.0,,18.77,4.14,3.9,2.25,-0.25,500933.33,-3.72
2025-11-01,GREATER_VANCOUVER,1123700,-3400.0,,,,4.04,3.75,2.25,0.0,499422.22,-3.9
2025-12-01,GREATER_VANCOUVER,1114800,-8900.0,,,,4.14,3.75,2.25,0.0,495466.67,-4.46
2026-01-01,GREATER_VANCOUVER,1101900,-12900.0,,,,4.14,3.7,2.25,0.0,489733.33,-5.69
2026-02-01,GREATER_VANCOUVER,1100300,-1600.0,,,,3.99,3.7,2.25,0.0,489022.22,-6.77
2018-01-01,HALIFAX_DARTMOUTH,273300,,20.0,280.79,16.9,3.19,2.55,1.25,,218640.0,
2018-02-01,HALIFAX_DARTMOUTH,278700,5400.0,,,,3.24,2.5,1.25,0.0,222960.0,
2018-03-01,HALIFAX_DARTMOUTH,280800,2100.0,,,,3.24,2.5,1.25,0.0,224640.0,
2018-04-01,HALIFAX_DARTMOUTH,285400,4600.0,20.0,267.87,16.17,3.24,2.5,1.25,0.0,228320.0,
2018-05-01,HALIFAX_DARTMOUTH,286300,900.0,,,,3.34,2.45,1.25,0.0,229040.0,
2018-06-01,HALIFAX_DARTMOUTH,286800,500.0,,,,3.34,2.55,1.25,0.0,229440.0,
2018-07-01,HALIFAX_DARTMOUTH,284100,-2700.0,20.0,272.89,16.44,3.34,2.7,1.5,0.25,189400.0,
2018-08-01,HALIFAX_DARTMOUTH,283200,-900.0,,,,3.34,2.8,1.5,0.0,188800.0,
2018-09-01,HALIFAX_DARTMOUTH,284500,1300.0,,,,3.44,2.8,1.5,0.0,189666.67,
2018-10-01,HALIFAX_DARTMOUTH,282400,-2100.0,20.0,271.9,16.69,3.54,2.95,1.75,0.25,161371.43,
2018-11-01,HALIFAX_DARTMOUTH,279900,-2500.0,,,,3.59,2.95,1.75,0.0,159942.86,
2018-12-01,HALIFAX_DARTMOUTH,282700,2800.0,,,,3.6,3.1,1.75,0.0,161542.86,
2019-01-01,HALIFAX_DARTMOUTH,284000,1300.0,21.0,271.89,17.11,3.59,2.95,1.75,0.0,162285.71,3.92
2019-02-01,HALIFAX_DARTMOUTH,286100,2100.0,,,,3.49,2.95,1.75,0.0,163485.71,2.66
2019-03-01,HALIFAX_DARTMOUTH,295400,9300.0,,,,3.29,2.95,1.75,0.0,168800.0,5.2
2019-04-01,HALIFAX_DARTMOUTH,298900,3500.0,21.0,273.05,16.59,3.09,2.95,1.75,0.0,170800.0,4.73
2019-05-01,HALIFAX_DARTMOUTH,302100,3200.0,,,,2.99,2.95,1.75,0.0,172628.57,5.52
2019-06-01,HALIFAX_DARTMOUTH,299800,-2300.0,,,,2.79,2.97,1.75,0.0,171314.29,4.53
2019-07-01,HALIFAX_DARTMOUTH,305400,5600.0,21.0,282.51,16.63,2.77,2.95,1.75,0.0,174514.29,7.5
2019-08-01,HALIFAX_DARTMOUTH,303400,-2000.0,,,,2.69,2.99,1.75,0.0,173371.43,7.13
2019-09-01,HALIFAX_DARTMOUTH,299400,-4000.0,,,,2.69,2.95,1.75,0.0,171085.71,5.24
2019-10-01,HALIFAX_DARTMOUTH,302400,3000.0,21.0,284.93,16.61,2.79,2.95,1.75,0.0,172800.0,7.08
2019-11-01,HALIFAX_DARTMOUTH,305900,3500.0,,,,2.74,2.95,1.75,0.0,174800.0,9.29
2019-12-01,HALIFAX_DARTMOUTH,303900,-2000.0,,,,2.84,2.95,1.75,0.0,173657.14,7.5
2020-01-01,HALIFAX_DARTMOUTH,305700,1800.0,21.0,284.11,16.56,2.82,2.89,1.75,0.0,174685.71,7.64
2020-02-01,HALIFAX_DARTMOUTH,317000,11300.0,,,,2.69,2.35,1.75,0.0,181142.86,10.8
2020-03-01,HALIFAX_DARTMOUTH,325400,8400.0,,,,2.54,2.08,0.25,-1.5,1301600.0,10.16
2020-04-01,HALIFAX_DARTMOUTH,323700,-1700.0,22.0,283.42,15.85,2.54,2.25,0.25,0.0,1294800.0,8.3
2020-05-01,HALIFAX_DARTMOUTH,322400,-1300.0,,,,2.39,2.2,0.25,0.0,1289600.0,6.72
2020-06-01,HALIFAX_DARTMOUTH,332000,9600.0,,,,2.24,2.0,0.25,0.0,1328000.0,10.74
2020-07-01,HALIFAX_DARTMOUTH,338700,6700.0,22.0,295.17,15.9,2.09,1.99,0.25,0.0,1354800.0,10.9
2020-08-01,HALIFAX_DARTMOUTH,344100,5400.0,,,,1.99,1.9,0.25,0.0,1376400.0,13.41
2020-09-01,HALIFAX_DARTMOUTH,351300,7200.0,,,,1.87,1.8,0.25,0.0,1405200.0,17.33
2020-10-01,HALIFAX_DARTMOUTH,351200,-100.0,20.0,306.74,15.95,1.83,1.75,0.25,0.0,1404800.0,16.14
2020-11-01,HALIFAX_DARTMOUTH,358300,7100.0,,,,1.79,1.7,0.25,0.0,1433200.0,17.13
2020-12-01,HALIFAX_DARTMOUTH,364200,5900.0,,,,1.74,1.6,0.25,0.0,1456800.0,19.84
2021-01-01,HALIFAX_DARTMOUTH,373600,9400.0,19.0,306.9,15.72,1.69,1.5,0.25,0.0,1494400.0,22.21
2021-02-01,HALIFAX_DARTMOUTH,393800,20200.0,,,,1.69,1.5,0.25,0.0,1575200.0,24.23
2021-03-01,HALIFAX_DARTMOUTH,423000,29200.0,,,,1.94,1.45,0.25,0.0,1692000.0,29.99
2021-04-01,HALIFAX_DARTMOUTH,433400,10400.0,17.0,316.35,16.08,2.04,1.45,0.25,0.0,1733600.0,33.89
2021-05-01,HALIFAX_DARTMOUTH,445200,11800.0,,,,2.09,1.43,0.25,0.0,1780800.0,38.09
2021-06-01,HALIFAX_DARTMOUTH,445000,-200.0,,,,2.09,1.43,0.25,0.0,1780000.0,34.04
2021-07-01,HALIFAX_DARTMOUTH,439800,-5200.0,16.0,318.61,16.11,2.09,1.38,0.25,0.0,1759200.0,29.85
2021-08-01,HALIFAX_DARTMOUTH,444400,4600.0,,,,2.09,1.35,0.25,0.0,1777600.0,29.15
2021-09-01,HALIFAX_DARTMOUTH,449600,5200.0,,,,1.94,1.3,0.25,0.0,1798400.0,27.98
2021-10-01,HALIFAX_DARTMOUTH,459100,9500.0,14.000000000000002,318.8,16.04,2.19,1.3,0.25,0.0,1836400.0,30.72
2021-11-01,HALIFAX_DARTMOUTH,464600,5500.0,,,,2.52,1.3,0.25,0.0,1858400.0,29.67
2021-12-01,HALIFAX_DARTMOUTH,470900,6300.0,,,,2.64,1.35,0.25,0.0,1883600.0,29.3
2022-01-01,HALIFAX_DARTMOUTH,510900,40000.0,13.0,318.9,16.29,2.74,1.35,0.25,0.0,2043600.0,36.75
2022-02-01,HALIFAX_DARTMOUTH,546400,35500.0,,,,2.89,1.41,0.25,0.0,2185600.0,38.75
2022-03-01,HALIFAX_DARTMOUTH,561800,15400.0,,,,3.04,1.75,0.5,0.25,1123600.0,32.81
2022-04-01,HALIFAX_DARTMOUTH,564100,2300.0,12.0,315.67,17.41,3.29,2.3,1.0,0.5,564100.0,30.16
2022-05-01,HALIFAX_DARTMOUTH,539000,-25100.0,,,,3.79,2.7,1.0,0.0,539000.0,21.07
2022-06-01,HALIFAX_DARTMOUTH,518300,-20700.0,,,,4.09,3.0,1.5,0.5,345533.33,16.47
2022-07-01,HALIFAX_DARTMOUTH,497900,-20400.0,12.0,303.44,18.86,4.54,3.8,2.5,1.0,199160.0,13.21
2022-08-01,HALIFAX_DARTMOUTH,484200,-13700.0,,,,4.59,4.0,2.5,0.0,193680.0,8.96
2022-09-01,HALIFAX_DARTMOUTH,480500,-3700.0,,,,4.59,4.55,3.25,0.75,147846.15,6.87
2022-10-01,HALIFAX_DARTMOUTH,482800,2300.0,12.0,285.71,19.54,5.14,5.0,3.75,0.5,128746.67,5.16
2022-11-01,HALIFAX_DARTMOUTH,482100,-700.0,,,,5.14,5.05,3.75,0.0,128560.0,3.77
2022-12-01,HALIFAX_DARTMOUTH,479700,-2400.0,,,,4.99,5.55,4.25,0.5,112870.59,1.87
2023-01-01,HALIFAX_DARTMOUTH,502800,23100.0,12.0,280.0,19.72,4.79,5.8,4.5,0.25,111733.33,-1.59
2023-02-01,HALIFAX_DARTMOUTH,504000,1200.0,,,,4.84,5.8,4.5,0.0,112000.0,-7.76
2023-03-01,HALIFAX_DARTMOUTH,508400,4400.0,,,,4.74,5.8,4.5,0.0,112977.78,-9.51
2023-04-01,HALIFAX_DARTMOUTH,524400,16000.0,12.0,283.96,19.66,4.59,5.8,4.5,0.0,116533.33,-7.04
2023-05-01,HALIFAX_DARTMOUTH,529400,5000.0,,,,4.79,5.8,4.5,0.0,117644.44,-1.78
2023-06-01,HALIFAX_DARTMOUTH,527700,-1700.0,,,,4.95,6.05,4.75,0.25,111094.74,1.81
2023-07-01,HALIFAX_DARTMOUTH,529100,1400.0,13.0,286.86,20.41,5.19,6.3,5.0,0.25,105820.0,6.27
2023-08-01,HALIFAX_DARTMOUTH,530300,1200.0,,,,5.49,6.3,5.0,0.0,106060.0,9.52
2023-09-01,HALIFAX_DARTMOUTH,522000,-8300.0,,,,5.59,6.3,5.0,0.0,104400.0,8.64
2023-10-01,HALIFAX_DARTMOUTH,526800,4800.0,14.000000000000002,275.05,20.6,5.72,6.3,5.0,0.0,105360.0,9.11
2023-11-01,HALIFAX_DARTMOUTH,508500,-18300.0,,,,5.64,6.3,5.0,0.0,101700.0,5.48
2023-12-01,HALIFAX_DARTMOUTH,510800,2300.0,,,,5.24,6.3,5.0,0.0,102160.0,6.48
2024-01-01,HALIFAX_DARTMOUTH,520000,9200.0,15.0,279.01,20.37,5.09,6.3,5.0,0.0,104000.0,3.42
2024-02-01,HALIFAX_DARTMOUTH,523600,3600.0,,,,4.99,6.3,5.0,0.0,104720.0,3.89
2024-03-01,HALIFAX_DARTMOUTH,529600,6000.0,,,,4.99,6.3,5.0,0.0,105920.0,4.17
2024-04-01,HALIFAX_DARTMOUTH,548200,18600.0,15.0,,20.25,4.94,6.25,5.0,0.0,109640.0,4.54
2024-05-01,HALIFAX_DARTMOUTH,538000,-10200.0,,,,4.89,6.25,5.0,0.0,107600.0,1.62
2024-06-01,HALIFAX_DARTMOUTH,547000,9000.0,,,,4.84,6.0,4.75,-0.25,115157.89,3.66
2024-07-01,HALIFAX_DARTMOUTH,550100,3100.0,16.0,,20.01,4.74,5.75,4.5,-0.25,122244.44,3.97
2024-08-01,HALIFAX_DARTMOUTH,541900,-8200.0,,,,4.64,5.7,4.5,0.0,120422.22,2.19
2024-09-01,HALIFAX_DARTMOUTH,537000,-4900.0,,,,4.39,5.5,4.25,-0.25,126352.94,2.87
2024-10-01,HALIFAX_DARTMOUTH,537700,700.0,17.0,,19.81,4.39,5.05,3.75,-0.5,143386.67,2.07
2024-11-01,HALIFAX_DARTMOUTH,526400,-11300.0,,,,4.34,5.01,3.75,0.0,140373.33,3.52
2024-12-01,HALIFAX_DARTMOUTH,532000,5600.0,,,,4.34,4.55,3.25,-0.5,163692.31,4.15
2025-01-01,HALIFAX_DARTMOUTH,548900,16900.0,18.0,,19.48,4.27,4.45,3.0,-0.25,182966.67,5.56
2025-02-01,HALIFAX_DARTMOUTH,560200,11300.0,,,,4.19,4.35,3.0,0.0,186733.33,6.99
2025-03-01,HALIFAX_DARTMOUTH,555600,-4600.0,,,,3.99,4.15,2.75,-0.25,202036.36,4.91
2025-04-01,HALIFAX_DARTMOUTH,561900,6300.0,19.0,,18.84,3.99,4.2,2.75,0.0,204327.27,2.5
2025-05-01,HALIFAX_DARTMOUTH,569500,7600.0,,,,3.99,4.25,2.75,0.0,207090.91,5.86
2025-06-01,HALIFAX_DARTMOUTH,569400,-100.0,,,,4.09,4.25,2.75,0.0,207054.55,4.1
2025-07-01,HALIFAX_DARTMOUTH,557500,-11900.0,20.0,,18.96,4.19,4.25,2.75,0.0,202727.27,1.35
2025-08-01,HALIFAX_DARTMOUTH,555300,-2200.0,,,,4.2,4.27,2.75,0.0,201927.27,2.47
2025-09-01,HALIFAX_DARTMOUTH,565100,9800.0,,,,4.24,4.05,2.5,-0.25,226040.0,5.23
2025-10-01,HALIFAX_DARTMOUTH,554900,-10200.0,21.0,,18.77,4.14,3.9,2.25,-0.25,246622.22,3.2
2025-11-01,HALIFAX_DARTMOUTH,553100,-1800.0,,,,4.04,3.75,2.25,0.0,245822.22,5.07
2025-12-01,HALIFAX_DARTMOUTH,543000,-10100.0,,,,4.14,3.75,2.25,0.0,241333.33,2.07
2026-01-01,HALIFAX_DARTMOUTH,545200,2200.0,,,,4.14,3.7,2.25,0.0,242311.11,-0.67
2026-02-01,HALIFAX_DARTMOUTH,558600,13400.0,,,,3.99,3.7,2.25,0.0,248266.67,-0.29
2018-01-01,MONTREAL_CMA,316200,,20.0,280.79,16.9,3.19,2.55,1.25,,252960.0,
2018-02-01,MONTREAL_CMA,321000,4800.0,,,,3.24,2.5,1.25,0.0,256800.0,
2018-03-01,MONTREAL_CMA,322800,1800.0,,,,3.24,2.5,1.25,0.0,258240.0,
2018-04-01,MONTREAL_CMA,323900,1100.0,20.0,267.87,16.17,3.24,2.5,1.25,0.0,259120.0,
2018-05-01,MONTREAL_CMA,325000,1100.0,,,,3.34,2.45,1.25,0.0,260000.0,
2018-06-01,MONTREAL_CMA,325000,0.0,,,,3.34,2.55,1.25,0.0,260000.0,
2018-07-01,MONTREAL_CMA,326800,1800.0,20.0,272.89,16.44,3.34,2.7,1.5,0.25,217866.67,
2018-08-01,MONTREAL_CMA,329900,3100.0,,,,3.34,2.8,1.5,0.0,219933.33,
2018-09-01,MONTREAL_CMA,331200,1300.0,,,,3.44,2.8,1.5,0.0,220800.0,
2018-10-01,MONTREAL_CMA,330400,-800.0,20.0,271.9,16.69,3.54,2.95,1.75,0.25,188800.0,
2018-11-01,MONTREAL_CMA,331200,800.0,,,,3.59,2.95,1.75,0.0,189257.14,
2018-12-01,MONTREAL_CMA,327700,-3500.0,,,,3.6,3.1,1.75,0.0,187257.14,
2019-01-01,MONTREAL_CMA,333800,6100.0,21.0,271.89,17.11,3.59,2.95,1.75,0.0,190742.86,5.57
2019-02-01,MONTREAL_CMA,337600,3800.0,,,,3.49,2.95,1.75,0.0,192914.29,5.17
2019-03-01,MONTREAL_CMA,338900,1300.0,,,,3.29,2.95,1.75,0.0,193657.14,4.99
2019-04-01,MONTREAL_CMA,341300,2400.0,21.0,273.05,16.59,3.09,2.95,1.75,0.0,195028.57,5.37
2019-05-01,MONTREAL_CMA,341800,500.0,,,,2.99,2.95,1.75,0.0,195314.29,5.17
2019-06-01,MONTREAL_CMA,345300,3500.0,,,,2.79,2.97,1.75,0.0,197314.29,6.25
2019-07-01,MONTREAL_CMA,346200,900.0,21.0,282.51,16.63,2.77,2.95,1.75,0.0,197828.57,5.94
2019-08-01,MONTREAL_CMA,346000,-200.0,,,,2.69,2.99,1.75,0.0,197714.29,4.88
2019-09-01,MONTREAL_CMA,352100,6100.0,,,,2.69,2.95,1.75,0.0,201200.0,6.31
2019-10-01,MONTREAL_CMA,355300,3200.0,21.0,284.93,16.61,2.79,2.95,1.75,0.0,203028.57,7.54
2019-11-01,MONTREAL_CMA,354200,-1100.0,,,,2.74,2.95,1.75,0.0,202400.0,6.94
2019-12-01,MONTREAL_CMA,353900,-300.0,,,,2.84,2.95,1.75,0.0,202228.57,8.0
2020-01-01,MONTREAL_CMA,363500,9600.0,21.0,284.11,16.56,2.82,2.89,1.75,0.0,207714.29,8.9
2020-02-01,MONTREAL_CMA,371800,8300.0,,,,2.69,2.35,1.75,0.0,212457.14,10.13
2020-03-01,MONTREAL_CMA,377600,5800.0,,,,2.54,2.08,0.25,-1.5,1510400.0,11.42
2020-04-01,MONTREAL_CMA,376400,-1200.0,22.0,283.42,15.85,2.54,2.25,0.25,0.0,1505600.0,10.28
2020-05-01,MONTREAL_CMA,374300,-2100.0,,,,2.39,2.2,0.25,0.0,1497200.0,9.51
2020-06-01,MONTREAL_CMA,378700,4400.0,,,,2.24,2.0,0.25,0.0,1514800.0,9.67
2020-07-01,MONTREAL_CMA,387800,9100.0,22.0,295.17,15.9,2.09,1.99,0.25,0.0,1551200.0,12.02
2020-08-01,MONTREAL_CMA,394700,6900.0,,,,1.99,1.9,0.25,0.0,1578800.0,14.08
2020-09-01,MONTREAL_CMA,398700,4000.0,,,,1.87,1.8,0.25,0.0,1594800.0,13.23
2020-10-01,MONTREAL_CMA,403900,5200.0,20.0,306.74,15.95,1.83,1.75,0.25,0.0,1615600.0,13.68
2020-11-01,MONTREAL_CMA,408000,4100.0,,,,1.79,1.7,0.25,0.0,1632000.0,15.19
2020-12-01,MONTREAL_CMA,410600,2600.0,,,,1.74,1.6,0.25,0.0,1642400.0,16.02
2021-01-01,MONTREAL_CMA,417400,6800.0,19.0,306.9,15.72,1.69,1.5,0.25,0.0,1669600.0,14.83
2021-02-01,MONTREAL_CMA,433700,16300.0,,,,1.69,1.5,0.25,0.0,1734800.0,16.65
2021-03-01,MONTREAL_CMA,454500,20800.0,,,,1.94,1.45,0.25,0.0,1818000.0,20.37
2021-04-01,MONTREAL_CMA,466400,11900.0,17.0,316.35,16.08,2.04,1.45,0.25,0.0,1865600.0,23.91
2021-05-01,MONTREAL_CMA,473100,6700.0,,,,2.09,1.43,0.25,0.0,1892400.0,26.4
2021-06-01,MONTREAL_CMA,475200,2100.0,,,,2.09,1.43,0.25,0.0,1900800.0,25.48
2021-07-01,MONTREAL_CMA,472500,-2700.0,16.0,318.61,16.11,2.09,1.38,0.25,0.0,1890000.0,21.84
2021-08-01,MONTREAL_CMA,472800,300.0,,,,2.09,1.35,0.25,0.0,1891200.0,19.79
2021-09-01,MONTREAL_CMA,474000,1200.0,,,,1.94,1.3,0.25,0.0,1896000.0,18.89
2021-10-01,MONTREAL_CMA,480900,6900.0,14.000000000000002,318.8,16.04,2.19,1.3,0.25,0.0,1923600.0,19.06
2021-11-01,MONTREAL_CMA,487000,6100.0,,,,2.52,1.3,0.25,0.0,1948000.0,19.36
2021-12-01,MONTREAL_CMA,490700,3700.0,,,,2.64,1.35,0.25,0.0,1962800.0,19.51
2022-01-01,MONTREAL_CMA,516100,25400.0,13.0,318.9,16.29,2.74,1.35,0.25,0.0,2064400.0,23.65
2022-02-01,MONTREAL_CMA,525800,9700.0,,,,2.89,1.41,0.25,0.0,2103200.0,21.24
2022-03-01,MONTREAL_CMA,535300,9500.0,,,,3.04,1.75,0.5,0.25,1070600.0,17.78
2022-04-01,MONTREAL_CMA,541400,6100.0,12.0,315.67,17.41,3.29,2.3,1.0,0.5,541400.0,16.08
2022-05-01,MONTREAL_CMA,544400,3000.0,,,,3.79,2.7,1.0,0.0,544400.0,15.07
2022-06-01,MONTREAL_CMA,535800,-8600.0,,,,4.09,3.0,1.5,0.5,357200.0,12.75
2022-07-01,MONTREAL_CMA,522800,-13000.0,12.0,303.44,18.86,4.54,3.8,2.5,1.0,209120.0,10.65
2022-08-01,MONTREAL_CMA,513400,-9400.0,,,,4.59,4.0,2.5,0.0,205360.0,8.59
2022-09-01,MONTREAL_CMA,501300,-12100.0,,,,4.59,4.55,3.25,0.75,154246.15,5.76
2022-10-01,MONTREAL_CMA,495000,-6300.0,12.0,285.71,19.54,5.14,5.0,3.75,0.5,132000.0,2.93
2022-11-01,MONTREAL_CMA,491300,-3700.0,,,,5.14,5.05,3.75,0.0,131013.33,0.88
2022-12-01,MONTREAL_CMA,488000,-3300.0,,,,4.99,5.55,4.25,0.5,114823.53,-0.55
2023-01-01,MONTREAL_CMA,494600,6600.0,12.0,280.0,19.72,4.79,5.8,4.5,0.25,109911.11,-4.17
2023-02-01,MONTREAL_CMA,497300,2700.0,,,,4.84,5.8,4.5,0.0,110511.11,-5.42
2023-03-01,MONTREAL_CMA,502300,5000.0,,,,4.74,5.8,4.5,0.0,111622.22,-6.16
2023-04-01,MONTREAL_CMA,508700,6400.0,12.0,283.96,19.66,4.59,5.8,4.5,0.0,113044.44,-6.04
2023-05-01,MONTREAL_CMA,513300,4600.0,,,,4.79,5.8,4.5,0.0,114066.67,-5.71
2023-06-01,MONTREAL_CMA,512000,-1300.0,,,,4.95,6.05,4.75,0.25,107789.47,-4.44
2023-07-01,MONTREAL_CMA,515500,3500.0,13.0,286.86,20.41,5.19,6.3,5.0,0.25,103100.0,-1.4
2023-08-01,MONTREAL_CMA,517100,1600.0,,,,5.49,6.3,5.0,0.0,103420.0,0.72
2023-09-01,MONTREAL_CMA,514000,-3100.0,,,,5.59,6.3,5.0,0.0,102800.0,2.53
2023-10-01,MONTREAL_CMA,512000,-2000.0,14.000000000000002,275.05,20.6,5.72,6.3,5.0,0.0,102400.0,3.43
2023-11-01,MONTREAL_CMA,510000,-2000.0,,,,5.64,6.3,5.0,0.0,102000.0,3.81
2023-12-01,MONTREAL_CMA,505500,-4500.0,,,,5.24,6.3,5.0,0.0,101100.0,3.59
2024-01-01,MONTREAL_CMA,514700,9200.0,15.0,279.01,20.37,5.09,6.3,5.0,0.0,102940.0,4.06
2024-02-01,MONTREAL_CMA,521400,6700.0,,,,4.99,6.3,5.0,0.0,104280.0,4.85
2024-03-01,MONTREAL_CMA,530400,9000.0,,,,4.99,6.3,5.0,0.0,106080.0,5.59
2024-04-01,MONTREAL_CMA,530000,-400.0,15.0,,20.25,4.94,6.25,5.0,0.0,106000.0,4.19
2024-05-01,MONTREAL_CMA,533200,3200.0,,,,4.89,6.25,5.0,0.0,106640.0,3.88
2024-06-01,MONTREAL_CMA,536500,3300.0,,,,4.84,6.0,4.75,-0.25,112947.37,4.79
2024-07-01,MONTREAL_CMA,531900,-4600.0,16.0,,20.01,4.74,5.75,4.5,-0.25,118200.0,3.18
2024-08-01,MONTREAL_CMA,534700,2800.0,,,,4.64,5.7,4.5,0.0,118822.22,3.4
2024-09-01,MONTREAL_CMA,542400,7700.0,,,,4.39,5.5,4.25,-0.25,127623.53,5.53
2024-10-01,MONTREAL_CMA,543300,900.0,17.0,,19.81,4.39,5.05,3.75,-0.5,144880.0,6.11
2024-11-01,MONTREAL_CMA,542600,-700.0,,,,4.34,5.01,3.75,0.0,144693.33,6.39
2024-12-01,MONTREAL_CMA,541600,-1000.0,,,,4.34,4.55,3.25,-0.5,166646.15,7.14
2025-01-01,MONTREAL_CMA,548500,6900.0,18.0,,19.48,4.27,4.45,3.0,-0.25,182833.33,6.57
2025-02-01,MONTREAL_CMA,561200,12700.0,,,,4.19,4.35,3.0,0.0,187066.67,7.63
2025-03-01,MONTREAL_CMA,567500,6300.0,,,,3.99,4.15,2.75,-0.25,206363.64,6.99
2025-04-01,MONTREAL_CMA,573900,6400.0,19.0,,18.84,3.99,4.2,2.75,0.0,208690.91,8.28
2025-05-01,MONTREAL_CMA,578900,5000.0,,,,3.99,4.25,2.75,0.0,210509.09,8.57
2025-06-01,MONTREAL_CMA,575500,-3400.0,,,,4.09,4.25,2.75,0.0,209272.73,7.27
2025-07-01,MONTREAL_CMA,576500,1000.0,20.0,,18.96,4.19,4.25,2.75,0.0,209636.36,8.39
2025-08-01,MONTREAL_CMA,571300,-5200.0,,,,4.2,4.27,2.75,0.0,207745.45,6.85
2025-09-01,MONTREAL_CMA,578100,6800.0,,,,4.24,4.05,2.5,-0.25,231240.0,6.58
2025-10-01,MONTREAL_CMA,578900,800.0,21.0,,18.77,4.14,3.9,2.25,-0.25,257288.89,6.55
2025-11-01,MONTREAL_CMA,573800,-5100.0,,,,4.04,3.75,2.25,0.0,255022.22,5.75
2025-12-01,MONTREAL_CMA,573300,-500.0,,,,4.14,3.75,2.25,0.0,254800.0,5.85
2026-01-01,MONTREAL_CMA,579900,6600.0,,,,4.14,3.7,2.25,0.0,257733.33,5.72
2026-02-01,MONTREAL_CMA,594200,14300.0,,,,3.99,3.7,2.25,0.0,264088.89,5.88
2018-01-01,OTTAWA,378800,,20.0,280.79,16.9,3.19,2.55,1.25,,303040.0,
2018-02-01,OTTAWA,383600,4800.0,,,,3.24,2.5,1.25,0.0,306880.0,
2018-03-01,OTTAWA,388900,5300.0,,,,3.24,2.5,1.25,0.0,311120.0,
2018-04-01,OTTAWA,395800,6900.0,20.0,267.87,16.17,3.24,2.5,1.25,0.0,316640.0,
2018-05-01,OTTAWA,396700,900.0,,,,3.34,2.45,1.25,0.0,317360.0,
2018-06-01,OTTAWA,394900,-1800.0,,,,3.34,2.55,1.25,0.0,315920.0,
2018-07-01,OTTAWA,395400,500.0,20.0,272.89,16.44,3.34,2.7,1.5,0.25,263600.0,
2018-08-01,OTTAWA,393100,-2300.0,,,,3.34,2.8,1.5,0.0,262066.67,
2018-09-01,OTTAWA,393400,300.0,,,,3.44,2.8,1.5,0.0,262266.67,
2018-10-01,OTTAWA,391500,-1900.0,20.0,271.9,16.69,3.54,2.95,1.75,0.25,223714.29,
2018-11-01,OTTAWA,393900,2400.0,,,,3.59,2.95,1.75,0.0,225085.71,
2018-12-01,OTTAWA,391100,-2800.0,,,,3.6,3.1,1.75,0.0,223485.71,
2019-01-01,OTTAWA,399200,8100.0,21.0,271.89,17.11,3.59,2.95,1.75,0.0,228114.29,5.39
2019-02-01,OTTAWA,400300,1100.0,,,,3.49,2.95,1.75,0.0,228742.86,4.35
2019-03-01,OTTAWA,410000,9700.0,,,,3.29,2.95,1.75,0.0,234285.71,5.43
2019-04-01,OTTAWA,422000,12000.0,21.0,273.05,16.59,3.09,2.95,1.75,0.0,241142.86,6.62
2019-05-01,OTTAWA,420700,-1300.0,,,,2.99,2.95,1.75,0.0,240400.0,6.05
2019-06-01,OTTAWA,424800,4100.0,,,,2.79,2.97,1.75,0.0,242742.86,7.57
2019-07-01,OTTAWA,424800,0.0,21.0,282.51,16.63,2.77,2.95,1.75,0.0,242742.86,7.44
2019-08-01,OTTAWA,428500,3700.0,,,,2.69,2.99,1.75,0.0,244857.14,9.01
2019-09-01,OTTAWA,431000,2500.0,,,,2.69,2.95,1.75,0.0,246285.71,9.56
2019-10-01,OTTAWA,432700,1700.0,21.0,284.93,16.61,2.79,2.95,1.75,0.0,247257.14,10.52
2019-11-01,OTTAWA,434500,1800.0,,,,2.74,2.95,1.75,0.0,248285.71,10.31
2019-12-01,OTTAWA,444800,10300.0,,,,2.84,2.95,1.75,0.0,254171.43,13.73
2020-01-01,OTTAWA,453100,8300.0,21.0,284.11,16.56,2.82,2.89,1.75,0.0,258914.29,13.5
2020-02-01,OTTAWA,467800,14700.0,,,,2.69,2.35,1.75,0.0,267314.29,16.86
2020-03-01,OTTAWA,476300,8500.0,,,,2.54,2.08,0.25,-1.5,1905200.0,16.17
2020-04-01,OTTAWA,469100,-7200.0,22.0,283.42,15.85,2.54,2.25,0.25,0.0,1876400.0,11.16
2020-05-01,OTTAWA,475800,6700.0,,,,2.39,2.2,0.25,0.0,1903200.0,13.1
2020-06-01,OTTAWA,488100,12300.0,,,,2.24,2.0,0.25,0.0,1952400.0,14.9
2020-07-01,OTTAWA,499200,11100.0,22.0,295.17,15.9,2.09,1.99,0.25,0.0,1996800.0,17.51
2020-08-01,OTTAWA,509200,10000.0,,,,1.99,1.9,0.25,0.0,2036800.0,18.83
2020-09-01,OTTAWA,516300,7100.0,,,,1.87,1.8,0.25,0.0,2065200.0,19.79
2020-10-01,OTTAWA,520400,4100.0,20.0,306.74,15.95,1.83,1.75,0.25,0.0,2081600.0,20.27
2020-11-01,OTTAWA,520000,-400.0,,,,1.79,1.7,0.25,0.0,2080000.0,19.68
2020-12-01,OTTAWA,530400,10400.0,,,,1.74,1.6,0.25,0.0,2121600.0,19.24
2021-01-01,OTTAWA,554600,24200.0,19.0,306.9,15.72,1.69,1.5,0.25,0.0,2218400.0,22.4
2021-02-01,OTTAWA,591100,36500.0,,,,1.69,1.5,0.25,0.0,2364400.0,26.36
2021-03-01,OTTAWA,614600,23500.0,,,,1.94,1.45,0.25,0.0,2458400.0,29.04
2021-04-01,OTTAWA,617000,2400.0,17.0,316.35,16.08,2.04,1.45,0.25,0.0,2468000.0,31.53
2021-05-01,OTTAWA,619700,2700.0,,,,2.09,1.43,0.25,0.0,2478800.0,30.24
2021-06-01,OTTAWA,615400,-4300.0,,,,2.09,1.43,0.25,0.0,2461600.0,26.08
2021-07-01,OTTAWA,602700,-12700.0,16.0,318.61,16.11,2.09,1.38,0.25,0.0,2410800.0,20.73
2021-08-01,OTTAWA,598800,-3900.0,,,,2.09,1.35,0.25,0.0,2395200.0,17.6
2021-09-01,OTTAWA,599400,600.0,,,,1.94,1.3,0.25,0.0,2397600.0,16.1
2021-10-01,OTTAWA,604000,4600.0,14.000000000000002,318.8,16.04,2.19,1.3,0.25,0.0,2416000.0,16.06
2021-11-01,OTTAWA,609900,5900.0,,,,2.52,1.3,0.25,0.0,2439600.0,17.29
2021-12-01,OTTAWA,620600,10700.0,,,,2.64,1.35,0.25,0.0,2482400.0,17.01
2022-01-01,OTTAWA,656400,35800.0,13.0,318.9,16.29,2.74,1.35,0.25,0.0,2625600.0,18.36
2022-02-01,OTTAWA,694100,37700.0,,,,2.89,1.41,0.25,0.0,2776400.0,17.43
2022-03-01,OTTAWA,703100,9000.0,,,,3.04,1.75,0.5,0.25,1406200.0,14.4
2022-04-01,OTTAWA,695300,-7800.0,12.0,315.67,17.41,3.29,2.3,1.0,0.5,695300.0,12.69
2022-05-01,OTTAWA,679100,-16200.0,,,,3.79,2.7,1.0,0.0,679100.0,9.59
2022-06-01,OTTAWA,655400,-23700.0,,,,4.09,3.0,1.5,0.5,436933.33,6.5
2022-07-01,OTTAWA,631500,-23900.0,12.0,303.44,18.86,4.54,3.8,2.5,1.0,252600.0,4.78
2022-08-01,OTTAWA,616900,-14600.0,,,,4.59,4.0,2.5,0.0,246760.0,3.02
2022-09-01,OTTAWA,614400,-2500.0,,,,4.59,4.55,3.25,0.75,189046.15,2.5
2022-10-01,OTTAWA,598900,-15500.0,12.0,285.71,19.54,5.14,5.0,3.75,0.5,159706.67,-0.84
2022-11-01,OTTAWA,597500,-1400.0,,,,5.14,5.05,3.75,0.0,159333.33,-2.03
2022-12-01,OTTAWA,580800,-16700.0,,,,4.99,5.55,4.25,0.5,136658.82,-6.41
2023-01-01,OTTAWA,573700,-7100.0,12.0,280.0,19.72,4.79,5.8,4.5,0.25,127488.89,-12.6
2023-02-01,OTTAWA,589300,15600.0,,,,4.84,5.8,4.5,0.0,130955.56,-15.1
2023-03-01,OTTAWA,600600,11300.0,,,,4.74,5.8,4.5,0.0,133466.67,-14.58
2023-04-01,OTTAWA,616800,16200.0,12.0,283.96,19.66,4.59,5.8,4.5,0.0,137066.67,-11.29
2023-05-01,OTTAWA,629000,12200.0,,,,4.79,5.8,4.5,0.0,139777.78,-7.38
2023-06-01,OTTAWA,629500,500.0,,,,4.95,6.05,4.75,0.25,132526.32,-3.95
2023-07-01,OTTAWA,623100,-6400.0,13.0,286.86,20.41,5.19,6.3,5.0,0.25,124620.0,-1.33
2023-08-01,OTTAWA,622500,-600.0,,,,5.49,6.3,5.0,0.0,124500.0,0.91
2023-09-01,OTTAWA,616700,-5800.0,,,,5.59,6.3,5.0,0.0,123340.0,0.37
2023-10-01,OTTAWA,604100,-12600.0,14.000000000000002,275.05,20.6,5.72,6.3,5.0,0.0,120820.0,0.87
2023-11-01,OTTAWA,601100,-3000.0,,,,5.64,6.3,5.0,0.0,120220.0,0.6
2023-12-01,OTTAWA,593800,-7300.0,,,,5.24,6.3,5.0,0.0,118760.0,2.24
2024-01-01,OTTAWA,598200,4400.0,15.0,279.01,20.37,5.09,6.3,5.0,0.0,119640.0,4.27
2024-02-01,OTTAWA,604900,6700.0,,,,4.99,6.3,5.0,0.0,120980.0,2.65
2024-03-01,OTTAWA,613700,8800.0,,,,4.99,6.3,5.0,0.0,122740.0,2.18
2024-04-01,OTTAWA,624600,10900.0,15.0,,20.25,4.94,6.25,5.0,0.0,124920.0,1.26
2024-05-01,OTTAWA,628100,3500.0,,,,4.89,6.25,5.0,0.0,125620.0,-0.14
2024-06-01,OTTAWA,628100,0.0,,,,4.84,6.0,4.75,-0.25,132231.58,-0.22
2024-07-01,OTTAWA,621500,-6600.0,16.0,,20.01,4.74,5.75,4.5,-0.25,138111.11,-0.26
2024-08-01,OTTAWA,619900,-1600.0,,,,4.64,5.7,4.5,0.0,137755.56,-0.42
2024-09-01,OTTAWA,618900,-1000.0,,,,4.39,5.5,4.25,-0.25,145623.53,0.36
2024-10-01,OTTAWA,618100,-800.0,17.0,,19.81,4.39,5.05,3.75,-0.5,164826.67,2.32
2024-11-01,OTTAWA,614900,-3200.0,,,,4.34,5.01,3.75,0.0,163973.33,2.3
2024-12-01,OTTAWA,614100,-800.0,,,,4.34,4.55,3.25,-0.5,188953.85,3.42
2025-01-01,OTTAWA,618500,4400.0,18.0,,19.48,4.27,4.45,3.0,-0.25,206166.67,3.39
2025-02-01,OTTAWA,623500,5000.0,,,,4.19,4.35,3.0,0.0,207833.33,3.07
2025-03-01,OTTAWA,631000,7500.0,,,,3.99,4.15,2.75,-0.25,229454.55,2.82
2025-04-01,OTTAWA,635400,4400.0,19.0,,18.84,3.99,4.2,2.75,0.0,231054.55,1.73
2025-05-01,OTTAWA,638900,3500.0,,,,3.99,4.25,2.75,0.0,232327.27,1.72
2025-06-01,OTTAWA,640400,1500.0,,,,4.09,4.25,2.75,0.0,232872.73,1.96
2025-07-01,OTTAWA,637300,-3100.0,20.0,,18.96,4.19,4.25,2.75,0.0,231745.45,2.54
2025-08-01,OTTAWA,631600,-5700.0,,,,4.2,4.27,2.75,0.0,229672.73,1.89
2025-09-01,OTTAWA,625400,-6200.0,,,,4.24,4.05,2.5,-0.25,250160.0,1.05
2025-10-01,OTTAWA,625300,-100.0,21.0,,18.77,4.14,3.9,2.25,-0.25,277911.11,1.16
2025-11-01,OTTAWA,620300,-5000.0,,,,4.04,3.75,2.25,0.0,275688.89,0.88
2025-12-01,OTTAWA,613700,-6600.0,,,,4.14,3.75,2.25,0.0,272755.56,-0.07
2026-01-01,OTTAWA,606700,-7000.0,,,,4.14,3.7,2.25,0.0,269644.44,-1.91
2026-02-01,OTTAWA,615400,8700.0,,,,3.99,3.7,2.25,0.0,273511.11,-1.3
2018-01-01,WINNIPEG,270700,,20.0,280.79,16.9,3.19,2.55,1.25,,216560.0,
2018-02-01,WINNIPEG,273700,3000.0,,,,3.24,2.5,1.25,0.0,218960.0,
2018-03-01,WINNIPEG,275100,1400.0,,,,3.24,2.5,1.25,0.0,220080.0,
2018-04-01,WINNIPEG,277100,2000.0,20.0,267.87,16.17,3.24,2.5,1.25,0.0,221680.0,
2018-05-01,WINNIPEG,276500,-600.0,,,,3.34,2.45,1.25,0.0,221200.0,
2018-06-01,WINNIPEG,276100,-400.0,,,,3.34,2.55,1.25,0.0,220880.0,
2018-07-01,WINNIPEG,275000,-1100.0,20.0,272.89,16.44,3.34,2.7,1.5,0.25,183333.33,
2018-08-01,WINNIPEG,275800,800.0,,,,3.34,2.8,1.5,0.0,183866.67,
2018-09-01,WINNIPEG,273000,-2800.0,,,,3.44,2.8,1.5,0.0,182000.0,
2018-10-01,WINNIPEG,271300,-1700.0,20.0,271.9,16.69,3.54,2.95,1.75,0.25,155028.57,
2018-11-01,WINNIPEG,269400,-1900.0,,,,3.59,2.95,1.75,0.0,153942.86,
2018-12-01,WINNIPEG,266400,-3000.0,,,,3.6,3.1,1.75,0.0,152228.57,
2019-01-01,WINNIPEG,271900,5500.0,21.0,271.89,17.11,3.59,2.95,1.75,0.0,155371.43,0.44
2019-02-01,WINNIPEG,274500,2600.0,,,,3.49,2.95,1.75,0.0,156857.14,0.29
2019-03-01,WINNIPEG,279700,5200.0,,,,3.29,2.95,1.75,0.0,159828.57,1.67
2019-04-01,WINNIPEG,280600,900.0,21.0,273.05,16.59,3.09,2.95,1.75,0.0,160342.86,1.26
2019-05-01,WINNIPEG,281300,700.0,,,,2.99,2.95,1.75,0.0,160742.86,1.74
2019-06-01,WINNIPEG,281900,600.0,,,,2.79,2.97,1.75,0.0,161085.71,2.1
2019-07-01,WINNIPEG,278800,-3100.0,21.0,282.51,16.63,2.77,2.95,1.75,0.0,159314.29,1.38
2019-08-01,WINNIPEG,278700,-100.0,,,,2.69,2.99,1.75,0.0,159257.14,1.05
2019-09-01,WINNIPEG,275700,-3000.0,,,,2.69,2.95,1.75,0.0,157542.86,0.99
2019-10-01,WINNIPEG,274700,-1000.0,21.0,284.93,16.61,2.79,2.95,1.75,0.0,156971.43,1.25
2019-11-01,WINNIPEG,274400,-300.0,,,,2.74,2.95,1.75,0.0,156800.0,1.86
2019-12-01,WINNIPEG,272600,-1800.0,,,,2.84,2.95,1.75,0.0,155771.43,2.33
2020-01-01,WINNIPEG,276000,3400.0,21.0,284.11,16.56,2.82,2.89,1.75,0.0,157714.29,1.51
2020-02-01,WINNIPEG,280500,4500.0,,,,2.69,2.35,1.75,0.0,160285.71,2.19
2020-03-01,WINNIPEG,283800,3300.0,,,,2.54,2.08,0.25,-1.5,1135200.0,1.47
2020-04-01,WINNIPEG,281700,-2100.0,22.0,283.42,15.85,2.54,2.25,0.25,0.0,1126800.0,0.39
2020-05-01,WINNIPEG,286300,4600.0,,,,2.39,2.2,0.25,0.0,1145200.0,1.78
2020-06-01,WINNIPEG,291500,5200.0,,,,2.24,2.0,0.25,0.0,1166000.0,3.41
2020-07-01,WINNIPEG,293100,1600.0,22.0,295.17,15.9,2.09,1.99,0.25,0.0,1172400.0,5.13
2020-08-01,WINNIPEG,294600,1500.0,,,,1.99,1.9,0.25,0.0,1178400.0,5.71
2020-09-01,WINNIPEG,294900,300.0,,,,1.87,1.8,0.25,0.0,1179600.0,6.96
2020-10-01,WINNIPEG,298400,3500.0,20.0,306.74,15.95,1.83,1.75,0.25,0.0,1193600.0,8.63
2020-11-01,WINNIPEG,296400,-2000.0,,,,1.79,1.7,0.25,0.0,1185600.0,8.02
2020-12-01,WINNIPEG,296600,200.0,,,,1.74,1.6,0.25,0.0,1186400.0,8.8
2021-01-01,WINNIPEG,304200,7600.0,19.0,306.9,15.72,1.69,1.5,0.25,0.0,1216800.0,10.22
2021-02-01,WINNIPEG,312200,8000.0,,,,1.69,1.5,0.25,0.0,1248800.0,11.3
2021-03-01,WINNIPEG,317900,5700.0,,,,1.94,1.45,0.25,0.0,1271600.0,12.02
2021-04-01,WINNIPEG,326600,8700.0,17.0,316.35,16.08,2.04,1.45,0.25,0.0,1306400.0,15.94
2021-05-01,WINNIPEG,330400,3800.0,,,,2.09,1.43,0.25,0.0,1321600.0,15.4
2021-06-01,WINNIPEG,335100,4700.0,,,,2.09,1.43,0.25,0.0,1340400.0,14.96
2021-07-01,WINNIPEG,329000,-6100.0,16.0,318.61,16.11,2.09,1.38,0.25,0.0,1316000.0,12.25
2021-08-01,WINNIPEG,330600,1600.0,,,,2.09,1.35,0.25,0.0,1322400.0,12.22
2021-09-01,WINNIPEG,330200,-400.0,,,,1.94,1.3,0.25,0.0,1320800.0,11.97
2021-10-01,WINNIPEG,329800,-400.0,14.000000000000002,318.8,16.04,2.19,1.3,0.25,0.0,1319200.0,10.52
2021-11-01,WINNIPEG,334400,4600.0,,,,2.52,1.3,0.25,0.0,1337600.0,12.82
2021-12-01,WINNIPEG,330200,-4200.0,,,,2.64,1.35,0.25,0.0,1320800.0,11.33
2022-01-01,WINNIPEG,351000,20800.0,13.0,318.9,16.29,2.74,1.35,0.25,0.0,1404000.0,15.38
2022-02-01,WINNIPEG,360000,9000.0,,,,2.89,1.41,0.25,0.0,1440000.0,15.31
2022-03-01,WINNIPEG,364500,4500.0,,,,3.04,1.75,0.5,0.25,729000.0,14.66
2022-04-01,WINNIPEG,365100,600.0,12.0,315.67,17.41,3.29,2.3,1.0,0.5,365100.0,11.79
2022-05-01,WINNIPEG,367400,2300.0,,,,3.79,2.7,1.0,0.0,367400.0,11.2
2022-06-01,WINNIPEG,358900,-8500.0,,,,4.09,3.0,1.5,0.5,239266.67,7.1
2022-07-01,WINNIPEG,349500,-9400.0,12.0,303.44,18.86,4.54,3.8,2.5,1.0,139800.0,6.23
2022-08-01,WINNIPEG,344400,-5100.0,,,,4.59,4.0,2.5,0.0,137760.0,4.17
2022-09-01,WINNIPEG,337700,-6700.0,,,,4.59,4.55,3.25,0.75,103907.69,2.27
2022-10-01,WINNIPEG,335400,-2300.0,12.0,285.71,19.54,5.14,5.0,3.75,0.5,89440.0,1.7
2022-11-01,WINNIPEG,327900,-7500.0,,,,5.14,5.05,3.75,0.0,87440.0,-1.94
2022-12-01,WINNIPEG,321400,-6500.0,,,,4.99,5.55,4.25,0.5,75623.53,-2.67
2023-01-01,WINNIPEG,325200,3800.0,12.0,280.0,19.72,4.79,5.8,4.5,0.25,72266.67,-7.35
2023-02-01,WINNIPEG,328300,3100.0,,,,4.84,5.8,4.5,0.0,72955.56,-8.81
2023-03-01,WINNIPEG,333400,5100.0,,,,4.74,5.8,4.5,0.0,74088.89,-8.53
2023-04-01,WINNIPEG,343000,9600.0,12.0,283.96,19.66,4.59,5.8,4.5,0.0,76222.22,-6.05
2023-05-01,WINNIPEG,346800,3800.0,,,,4.79,5.8,4.5,0.0,77066.67,-5.61
2023-06-01,WINNIPEG,346400,-400.0,,,,4.95,6.05,4.75,0.25,72926.32,-3.48
2023-07-01,WINNIPEG,345500,-900.0,13.0,286.86,20.41,5.19,6.3,5.0,0.25,69100.0,-1.14
2023-08-01,WINNIPEG,344000,-1500.0,,,,5.49,6.3,5.0,0.0,68800.0,-0.12
2023-09-01,WINNIPEG,341200,-2800.0,,,,5.59,6.3,5.0,0.0,68240.0,1.04
2023-10-01,WINNIPEG,338900,-2300.0,14.000000000000002,275.05,20.6,5.72,6.3,5.0,0.0,67780.0,1.04
2023-11-01,WINNIPEG,331100,-7800.0,,,,5.64,6.3,5.0,0.0,66220.0,0.98
2023-12-01,WINNIPEG,330500,-600.0,,,,5.24,6.3,5.0,0.0,66100.0,2.83
2024-01-01,WINNIPEG,334600,4100.0,15.0,279.01,20.37,5.09,6.3,5.0,0.0,66920.0,2.89
2024-02-01,WINNIPEG,346200,11600.0,,,,4.99,6.3,5.0,0.0,69240.0,5.45
2024-03-01,WINNIPEG,350900,4700.0,,,,4.99,6.3,5.0,0.0,70180.0,5.25
2024-04-01,WINNIPEG,355900,5000.0,15.0,,20.25,4.94,6.25,5.0,0.0,71180.0,3.76
2024-05-01,WINNIPEG,357100,1200.0,,,,4.89,6.25,5.0,0.0,71420.0,2.97
2024-06-01,WINNIPEG,361500,4400.0,,,,4.84,6.0,4.75,-0.25,76105.26,4.36
2024-07-01,WINNIPEG,360500,-1000.0,16.0,,20.01,4.74,5.75,4.5,-0.25,80111.11,4.34
2024-08-01,WINNIPEG,360700,200.0,,,,4.64,5.7,4.5,0.0,80155.56,4.85
2024-09-01,WINNIPEG,361400,700.0,,,,4.39,5.5,4.25,-0.25,85035.29,5.92
2024-10-01,WINNIPEG,360200,-1200.0,17.0,,19.81,4.39,5.05,3.75,-0.5,96053.33,6.29
2024-11-01,WINNIPEG,359300,-900.0,,,,4.34,5.01,3.75,0.0,95813.33,8.52
2024-12-01,WINNIPEG,358100,-1200.0,,,,4.34,4.55,3.25,-0.5,110184.62,8.35
2025-01-01,WINNIPEG,362000,3900.0,18.0,,19.48,4.27,4.45,3.0,-0.25,120666.67,8.19
2025-02-01,WINNIPEG,372500,10500.0,,,,4.19,4.35,3.0,0.0,124166.67,7.6
2025-03-01,WINNIPEG,383500,11000.0,,,,3.99,4.15,2.75,-0.25,139454.55,9.29
2025-04-01,WINNIPEG,384200,700.0,19.0,,18.84,3.99,4.2,2.75,0.0,139709.09,7.95
2025-05-01,WINNIPEG,386500,2300.0,,,,3.99,4.25,2.75,0.0,140545.45,8.23
2025-06-01,WINNIPEG,388600,2100.0,,,,4.09,4.25,2.75,0.0,141309.09,7.5
2025-07-01,WINNIPEG,385400,-3200.0,20.0,,18.96,4.19,4.25,2.75,0.0,140145.45,6.91
2025-08-01,WINNIPEG,383000,-2400.0,,,,4.2,4.27,2.75,0.0,139272.73,6.18
2025-09-01,WINNIPEG,380200,-2800.0,,,,4.24,4.05,2.5,-0.25,152080.0,5.2
2025-10-01,WINNIPEG,379200,-1000.0,21.0,,18.77,4.14,3.9,2.25,-0.25,168533.33,5.27
2025-11-01,WINNIPEG,378300,-900.0,,,,4.04,3.75,2.25,0.0,168133.33,5.29
2025-12-01,WINNIPEG,380400,2100.0,,,,4.14,3.75,2.25,0.0,169066.67,6.23
2026-01-01,WINNIPEG,382100,1700.0,,,,4.14,3.7,2.25,0.0,169822.22,5.55
2026-02-01,WINNIPEG,383800,1700.0,,,,3.99,3.7,2.25,0.0,170577.78,3.03
