date,mortgage_arrears,loan_to_income_ratio,debt_service_ratio,debt_service_ratio_RESL2,mortgage_rate_5yrs_fixed,mortgage_rate_5yrs_variable,policy_rate,prime_rate
2018-01-01,0.2,280.79,16.9,,,,1.25,
2018-01-02,,,,,3.14,2.5,,
2018-01-03,,,,,,,,3.2
2018-01-09,,,,,3.14,2.5,,
2018-01-10,,,,,,,,3.2
2018-01-16,,,,,3.19,2.6,,
2018-01-17,,,,,,,,3.2
2018-01-23,,,,,3.19,2.55,,
2018-01-24,,,,,,,,3.45
2018-01-30,,,,,3.19,2.55,,
2018-01-31,,,,,,,,3.45
2018-02-01,,,,,,,1.25,
2018-02-06,,,,,3.19,2.5,,
2018-02-07,,,,,,,,3.45
2018-02-13,,,,,3.24,2.5,,
2018-02-14,,,,,,,,3.45
2018-02-20,,,,,3.24,2.5,,
2018-02-21,,,,,,,,3.45
2018-02-27,,,,,3.24,2.5,,
2018-02-28,,,,,,,,3.45
2018-03-01,,,,,,,1.25,
2018-03-06,,,,,3.24,2.5,,
2018-03-07,,,,,,,,3.45
2018-03-13,,,,,3.24,2.5,,
2018-03-14,,,,,,,,3.45
2018-03-20,,,,,3.24,2.5,,
2018-03-21,,,,,,,,3.45
2018-03-27,,,,,3.24,2.5,,
2018-03-28,,,,,,,,3.45
2018-04-01,0.2,267.87,16.17,,,,1.25,
2018-04-03,,,,,3.24,2.5,,
2018-04-04,,,,,,,,3.45
2018-04-10,,,,,3.24,2.5,,
2018-04-11,,,,,,,,3.45
2018-04-17,,,,,3.24,2.5,,
2018-04-18,,,,,,,,3.45
2018-04-24,,,,,3.24,2.5,,
2018-04-25,,,,,,,,3.45
2018-05-01,,,,,3.29,2.5,1.25,
2018-05-02,,,,,,,,3.45
2018-05-08,,,,,3.34,2.5,,
2018-05-09,,,,,,,,3.45
2018-05-15,,,,,3.34,2.5,,
2018-05-16,,,,,,,,3.45
2018-05-22,,,,,3.34,2.45,,
2018-05-23,,,,,,,,3.45
2018-05-29,,,,,3.34,2.45,,
2018-05-30,,,,,,,,3.45
2018-06-01,,,,,,,1.25,
2018-06-05,,,,,3.34,2.45,,
2018-06-06,,,,,,,,3.45
2018-06-12,,,,,3.34,2.5,,
2018-06-13,,,,,,,,3.45
2018-06-19,,,,,3.34,2.5,,
2018-06-20,,,,,,,,3.45
2018-06-26,,,,,3.34,2.55,,
2018-06-27,,,,,,,,3.45
2018-07-01,0.2,272.89,16.44,,,,1.5,
2018-07-03,,,,,3.34,2.65,,
2018-07-04,,,,,,,,3.45
2018-07-10,,,,,3.34,2.69,,
2018-07-11,,,,,,,,3.7
2018-07-17,,,,,3.34,2.7,,
2018-07-18,,,,,,,,3.7
2018-07-24,,,,,3.34,2.7,,
2018-07-25,,,,,,,,3.7
2018-07-31,,,,,3.34,2.7,,
2018-08-01,,,,,,,1.5,3.7
2018-08-07,,,,,3.34,2.75,,
2018-08-08,,,,,,,,3.7
2018-08-14,,,,,3.34,2.75,,
2018-08-15,,,,,,,,3.7
2018-08-21,,,,,3.34,2.75,,
2018-08-22,,,,,,,,3.7
2018-08-28,,,,,3.34,2.8,,
2018-08-29,,,,,,,,3.7
2018-09-01,,,,,,,1.5,
2018-09-04,,,,,3.39,2.84,,
2018-09-05,,,,,,,,3.7
2018-09-11,,,,,3.39,2.75,,
2018-09-12,,,,,,,,3.7
2018-09-18,,,,,3.44,2.85,,
2018-09-19,,,,,,,,3.7
2018-09-25,,,,,3.44,2.8,,
2018-09-26,,,,,,,,3.7
2018-10-01,0.2,271.9,16.69,,,,1.75,
2018-10-02,,,,,3.44,2.85,,
2018-10-03,,,,,,,,3.7
2018-10-09,,,,,3.44,2.88,,
2018-10-10,,,,,,,,3.7
2018-10-16,,,,,3.49,2.9,,
2018-10-17,,,,,,,,3.7
2018-10-23,,,,,3.49,2.95,,
2018-10-24,,,,,,,,3.7
2018-10-30,,,,,3.54,2.95,,
2018-10-31,,,,,,,,3.95
2018-11-01,,,,,,,1.75,
2018-11-06,,,,,3.59,2.95,,
2018-11-07,,,,,,,,3.95
2018-11-13,,,,,3.59,2.95,,
2018-11-14,,,,,,,,3.95
2018-11-20,,,,,3.59,2.95,,
2018-11-21,,,,,,,,3.95
2018-11-27,,,,,3.59,2.95,,
2018-11-28,,,,,,,,3.95
2018-12-01,,,,,,,1.75,
2018-12-04,,,,,3.59,2.95,,
2018-12-05,,,,,,,,3.95
2018-12-11,,,,,3.62,3.05,,
2018-12-12,,,,,,,,3.95
2018-12-18,,,,,3.6,3.1,,
2018-12-19,,,,,,,,3.95
2018-12-25,,,,,3.6,3.1,,
2018-12-26,,,,,,,,3.95
2019-01-01,0.21,271.89,17.11,,3.6,3.05,1.75,
2019-01-02,,,,,,,,3.95
2019-01-08,,,,,3.59,3.05,,
2019-01-09,,,,,,,,3.95
2019-01-15,,,,,3.61,3.0,,
2019-01-16,,,,,,,,3.95
2019-01-22,,,,,3.59,2.95,,
2019-01-23,,,,,,,,3.95
2019-01-29,,,,,3.59,2.95,,
2019-01-30,,,,,,,,3.95
2019-02-01,,,,,,,1.75,
2019-02-05,,,,,3.59,2.95,,
2019-02-06,,,,,,,,3.95
2019-02-12,,,,,3.54,2.95,,
2019-02-13,,,,,,,,3.95
2019-02-19,,,,,3.49,2.95,,
2019-02-20,,,,,,,,3.95
2019-02-26,,,,,3.49,2.95,,
2019-02-27,,,,,,,,3.95
2019-03-01,,,,,,,1.75,
2019-03-05,,,,,3.44,2.95,,
2019-03-06,,,,,,,,3.95
2019-03-12,,,,,3.39,2.95,,
2019-03-13,,,,,,,,3.95
2019-03-19,,,,,3.34,2.95,,
2019-03-20,,,,,,,,3.95
2019-03-26,,,,,3.29,2.95,,
2019-03-27,,,,,,,,3.95
2019-04-01,0.21,273.05,16.59,,,,1.75,
2019-04-02,,,,,3.19,2.95,,
2019-04-03,,,,,,,,3.95
2019-04-09,,,,,3.14,2.95,,
2019-04-10,,,,,,,,3.95
2019-04-16,,,,,3.09,2.95,,
2019-04-17,,,,,,,,3.95
2019-04-23,,,,,3.09,2.95,,
2019-04-24,,,,,,,,3.95
2019-04-30,,,,,3.09,2.95,,
2019-05-01,,,,,,,1.75,3.95
2019-05-07,,,,,3.04,2.95,,
2019-05-08,,,,,,,,3.95
2019-05-14,,,,,3.04,2.95,,
2019-05-15,,,,,,,,3.95
2019-05-21,,,,,2.99,2.95,,
2019-05-22,,,,,,,,3.95
2019-05-28,,,,,2.99,2.95,,
2019-05-29,,,,,,,,3.95
2019-06-01,,,,,,,1.75,
2019-06-04,,,,,2.99,3.04,,
2019-06-05,,,,,,,,3.95
2019-06-11,,,,,2.94,2.95,,
2019-06-12,,,,,,,,3.95
2019-06-18,,,,,2.89,2.95,,
2019-06-19,,,,,,,,3.95
2019-06-25,,,,,2.79,2.97,,
2019-06-26,,,,,,,,3.95
2019-07-01,0.21,282.51,16.63,,,,1.75,
2019-07-02,,,,,2.79,2.95,,
2019-07-03,,,,,,,,3.95
2019-07-09,,,,,2.79,2.95,,
2019-07-10,,,,,,,,3.95
2019-07-16,,,,,2.79,2.95,,
2019-07-17,,,,,,,,3.95
2019-07-23,,,,,2.79,2.95,,
2019-07-24,,,,,,,,3.95
2019-07-30,,,,,2.77,2.95,,
2019-07-31,,,,,,,,3.95
2019-08-01,,,,,,,1.75,
2019-08-06,,,,,2.74,2.95,,
2019-08-07,,,,,,,,3.95
2019-08-13,,,,,2.74,2.95,,
2019-08-14,,,,,,,,3.95
2019-08-20,,,,,2.69,2.95,,
2019-08-21,,,,,,,,3.95
2019-08-27,,,,,2.69,2.99,,
2019-08-28,,,,,,,,3.95
2019-09-01,,,,,,,1.75,
2019-09-03,,,,,2.69,2.95,,
2019-09-04,,,,,,,,3.95
2019-09-10,,,,,2.69,2.95,,
2019-09-11,,,,,,,,3.95
2019-09-17,,,,,2.69,2.95,,
2019-09-18,,,,,,,,3.95
2019-09-24,,,,,2.69,2.95,,
2019-09-25,,,,,,,,3.95
2019-10-01,0.21,284.93,16.61,,2.69,2.95,1.75,
2019-10-02,,,,,,,,3.95
2019-10-08,,,,,2.74,2.95,,
2019-10-09,,,,,,,,3.95
2019-10-15,,,,,2.74,3.08,,
2019-10-16,,,,,,,,3.95
2019-10-22,,,,,2.74,2.97,,
2019-10-23,,,,,,,,3.95
2019-10-29,,,,,2.79,2.95,,
2019-10-30,,,,,,,,3.95
2019-11-01,,,,,,,1.75,
2019-11-05,,,,,2.79,2.99,,
2019-11-06,,,,,,,,3.95
2019-11-12,,,,,2.79,2.95,,
2019-11-13,,,,,,,,3.95
2019-11-19,,,,,2.76,2.95,,
2019-11-20,,,,,,,,3.95
2019-11-26,,,,,2.74,2.95,,
2019-11-27,,,,,,,,3.95
2019-12-01,,,,,,,1.75,
2019-12-03,,,,,2.74,2.95,,
2019-12-04,,,,,,,,3.95
2019-12-10,,,,,2.74,2.95,,
2019-12-11,,,,,,,,3.95
2019-12-17,,,,,2.74,2.95,,
2019-12-18,,,,,,,,3.95
2019-12-24,,,,,2.84,2.9,,
2019-12-25,,,,,,,,3.95
2019-12-31,,,,,2.84,2.95,,
2020-01-01,0.21,284.11,16.56,,,,1.75,3.95
2020-01-07,,,,,2.84,2.95,,
2020-01-08,,,,,,,,3.95
2020-01-14,,,,,2.84,2.95,,
2020-01-15,,,,,,,,3.95
2020-01-21,,,,,2.84,2.89,,
2020-01-22,,,,,,,,3.95
2020-01-28,,,,,2.82,2.89,,
2020-01-29,,,,,,,,3.95
2020-02-01,,,,,,,1.75,
2020-02-04,,,,,2.79,2.78,,
2020-02-05,,,,,,,,3.95
2020-02-11,,,,,2.74,2.6,,
2020-02-12,,,,,,,,3.95
2020-02-18,,,,,2.74,2.55,,
2020-02-19,,,,,,,,3.95
2020-02-25,,,,,2.69,2.35,,
2020-02-26,,,,,,,,3.95
2020-03-01,,,,,,,0.25,
2020-03-03,,,,,2.64,2.37,,
2020-03-04,,,,,,,,3.95
2020-03-10,,,,,2.44,2.29,,
2020-03-11,,,,,,,,3.45
2020-03-17,,,,,2.44,2.05,,
2020-03-18,,,,,,,,2.95
2020-03-24,,,,,2.49,2.1,,
2020-03-25,,,,,,,,2.95
2020-03-31,,,,,2.54,2.08,,
2020-04-01,0.22,283.42,15.85,,,,0.25,2.45
2020-04-07,,,,,2.59,2.24,,
2020-04-08,,,,,,,,2.45
2020-04-14,,,,,2.57,2.29,,
2020-04-15,,,,,,,,2.45
2020-04-21,,,,,2.57,2.25,,
2020-04-22,,,,,,,,2.45
2020-04-28,,,,,2.54,2.25,,
2020-04-29,,,,,,,,2.45
2020-05-01,,,,,,,0.25,
2020-05-05,,,,,2.49,2.25,,
2020-05-06,,,,,,,,2.45
2020-05-12,,,,,2.49,2.25,,
2020-05-13,,,,,,,,2.45
2020-05-19,,,,,2.44,2.2,,
2020-05-20,,,,,,,,2.45
2020-05-26,,,,,2.39,2.2,,
2020-05-27,,,,,,,,2.45
2020-06-01,,,,,,,0.25,
2020-06-02,,,,,2.39,2.17,,
2020-06-03,,,,,,,,2.45
2020-06-09,,,,,2.31,2.12,,
2020-06-10,,,,,,,,2.45
2020-06-16,,,,,2.29,2.1,,
2020-06-17,,,,,,,,2.45
2020-06-23,,,,,2.24,2.08,,
2020-06-24,,,,,,,,2.45
2020-06-30,,,,,2.24,2.0,,
2020-07-01,0.22,295.17,15.9,,,,0.25,2.45
2020-07-07,,,,,2.19,2.0,,
2020-07-08,,,,,,,,2.45
2020-07-14,,,,,2.14,1.99,,
2020-07-15,,,,,,,,2.45
2020-07-21,,,,,2.14,1.99,,
2020-07-22,,,,,,,,2.45
2020-07-28,,,,,2.09,1.99,,
2020-07-29,,,,,,,,2.45
2020-08-01,,,,,,,0.25,
2020-08-04,,,,,2.07,1.95,,
2020-08-05,,,,,,,,2.45
2020-08-11,,,,,2.04,1.95,,
2020-08-12,,,,,,,,2.45
2020-08-18,,,,,1.99,1.9,,
2020-08-19,,,,,,,,2.45
2020-08-25,,,,,1.99,1.9,,
2020-08-26,,,,,,,,2.45
2020-09-01,,,,,1.94,1.85,0.25,
2020-09-02,,,,,,,,2.45
2020-09-08,,,,,1.89,1.85,,
2020-09-09,,,,,,,,2.45
2020-09-15,,,,,1.89,1.85,,
2020-09-16,,,,,,,,2.45
2020-09-22,,,,,1.89,1.85,,
2020-09-23,,,,,,,,2.45
2020-09-29,,,,,1.87,1.8,,
2020-09-30,,,,,,,,2.45
2020-10-01,0.2,306.74,15.95,,,,0.25,
2020-10-06,,,,,1.84,1.75,,
2020-10-07,,,,,,,,2.45
2020-10-13,,,,,1.84,1.75,,
2020-10-14,,,,,,,,2.45
2020-10-20,,,,,1.84,1.75,,
2020-10-21,,,,,,,,2.45
2020-10-27,,,,,1.83,1.75,,
2020-10-28,,,,,,,,2.45
2020-11-01,,,,,,,0.25,
2020-11-03,,,,,1.82,1.75,,
2020-11-04,,,,,,,,2.45
2020-11-10,,,,,1.79,1.7,,
2020-11-11,,,,,,,,2.45
2020-11-17,,,,,1.79,1.75,,
2020-11-18,,,,,,,,2.45
2020-11-24,,,,,1.79,1.7,,
2020-11-25,,,,,,,,2.45
2020-12-01,,,,,1.77,1.7,0.25,
2020-12-02,,,,,,,,2.45
2020-12-08,,,,,1.74,1.7,,
2020-12-09,,,,,,,,2.45
2020-12-15,,,,,1.74,1.65,,
2020-12-16,,,,,,,,2.45
2020-12-22,,,,,1.74,1.6,,
2020-12-23,,,,,,,,2.45
2020-12-29,,,,,1.74,1.6,,
2020-12-30,,,,,,,,2.45
2021-01-01,0.19,306.9,15.72,,,,0.25,
2021-01-05,,,,,1.74,1.6,,
2021-01-06,,,,,,,,2.45
2021-01-12,,,,,1.74,1.6,,
2021-01-13,,,,,,,,2.45
2021-01-19,,,,,1.69,1.5,,
2021-01-20,,,,,,,,2.45
2021-01-26,,,,,1.69,1.5,,
2021-01-27,,,,,,,,2.45
2021-02-01,,,,,,,0.25,
2021-02-02,,,,,1.69,1.5,,
2021-02-03,,,,,,,,2.45
2021-02-09,,,,,1.69,1.5,,
2021-02-10,,,,,,,,2.45
2021-02-16,,,,,1.69,1.5,,
2021-02-17,,,,,,,,2.45
2021-02-23,,,,,1.69,1.5,,
2021-02-24,,,,,,,,2.45
2021-03-01,,,,,,,0.25,
2021-03-02,,,,,1.69,1.45,,
2021-03-03,,,,,,,,2.45
2021-03-09,,,,,1.79,1.45,,
2021-03-10,,,,,,,,2.45
2021-03-16,,,,,1.84,1.45,,
2021-03-17,,,,,,,,2.45
2021-03-23,,,,,1.89,1.45,,
2021-03-24,,,,,,,,2.45
2021-03-30,,,,,1.94,1.45,,
2021-03-31,,,,,,,,2.45
2021-04-01,0.17,316.35,16.08,,,,0.25,
2021-04-06,,,,,1.95,1.45,,
2021-04-07,,,,,,,,2.45
2021-04-13,,,,,1.99,1.45,,
2021-04-14,,,,,,,,2.45
2021-04-20,,,,,2.01,1.45,,
2021-04-21,,,,,,,,2.45
2021-04-27,,,,,2.04,1.45,,
2021-04-28,,,,,,,,2.45
2021-05-01,,,,,,,0.25,
2021-05-04,,,,,2.04,1.43,,
2021-05-05,,,,,,,,2.45
2021-05-11,,,,,2.09,1.4,,
2021-05-12,,,,,,,,2.45
2021-05-18,,,,,2.09,1.43,,
2021-05-19,,,,,,,,2.45
2021-05-25,,,,,2.09,1.43,,
2021-05-26,,,,,,,,2.45
2021-06-01,,,,,2.09,1.41,0.25,
2021-06-02,,,,,,,,2.45
2021-06-08,,,,,2.09,1.4,,
2021-06-09,,,,,,,,2.45
2021-06-15,,,,,2.09,1.4,,
2021-06-16,,,,,,,,2.45
2021-06-22,,,,,2.09,1.4,,
2021-06-23,,,,,,,,2.45
2021-06-29,,,,,2.09,1.43,,
2021-06-30,,,,,,,,2.45
2021-07-01,0.16,318.61,16.11,,,,0.25,
2021-07-06,,,,,2.09,1.4,,
2021-07-07,,,,,,,,2.45
2021-07-13,,,,,2.09,1.4,,
2021-07-14,,,,,,,,2.45
2021-07-20,,,,,2.09,1.4,,
2021-07-21,,,,,,,,2.45
2021-07-27,,,,,2.09,1.38,,
2021-07-28,,,,,,,,2.45
2021-08-01,,,,,,,0.25,
2021-08-03,,,,,2.09,1.35,,
2021-08-04,,,,,,,,2.45
2021-08-10,,,,,2.09,1.35,,
2021-08-11,,,,,,,,2.45
2021-08-17,,,,,2.09,1.35,,
2021-08-18,,,,,,,,2.45
2021-08-24,,,,,2.09,1.35,,
2021-08-25,,,,,,,,2.45
2021-08-31,,,,,2.09,1.35,,
2021-09-01,,,,,,,0.25,2.45
2021-09-07,,,,,2.09,1.35,,
2021-09-08,,,,,,,,2.45
2021-09-14,,,,,2.04,1.33,,
2021-09-15,,,,,,,,2.45
2021-09-21,,,,,1.99,1.3,,
2021-09-22,,,,,,,,2.45
2021-09-28,,,,,1.94,1.3,,
2021-09-29,,,,,,,,2.45
2021-10-01,0.14,318.8,16.04,,,,0.25,
2021-10-05,,,,,1.99,1.3,,
2021-10-06,,,,,,,,2.45
2021-10-12,,,,,2.09,1.3,,
2021-10-13,,,,,,,,2.45
2021-10-19,,,,,2.11,1.3,,
2021-10-20,,,,,,,,2.45
2021-10-26,,,,,2.19,1.3,,
2021-10-27,,,,,,,,2.45
2021-11-01,,,,,,,0.25,
2021-11-02,,,,,2.24,1.3,,
2021-11-03,,,,,,,,2.45
2021-11-09,,,,,2.33,1.28,,
2021-11-10,,,,,,,,2.45
2021-11-16,,,,,2.39,1.29,,
2021-11-17,,,,,,,,2.45
2021-11-23,,,,,2.44,1.3,,
2021-11-24,,,,,,,,2.45
2021-11-30,,,,,2.52,1.3,,
2021-12-01,,,,,,,0.25,2.45
2021-12-07,,,,,2.54,1.35,,
2021-12-08,,,,,,,,2.45
2021-12-14,,,,,2.59,1.35,,
2021-12-15,,,,,,,,2.45
2021-12-21,,,,,2.64,1.35,,
2021-12-22,,,,,,,,2.45
2021-12-28,,,,,2.64,1.35,,
2021-12-29,,,,,,,,2.45
2022-01-01,0.13,318.9,16.29,,,,0.25,
2022-01-04,,,,,2.64,1.35,,
2022-01-05,,,,,,,,2.45
2022-01-11,,,,,2.65,1.35,,
2022-01-12,,,,,,,,2.45
2022-01-18,,,,,2.69,1.35,,
2022-01-19,,,,,,,,2.45
2022-01-25,,,,,2.74,1.35,,
2022-01-26,,,,,,,,2.45
2022-02-01,,,,,2.79,1.35,0.25,
2022-02-02,,,,,,,,2.45
2022-02-08,,,,,2.79,1.38,,
2022-02-09,,,,,,,,2.45
2022-02-15,,,,,2.84,1.4,,
2022-02-16,,,,,,,,2.45
2022-02-22,,,,,2.89,1.41,,
2022-02-23,,,,,,,,2.45
2022-03-01,,,,,2.89,1.5,0.5,
2022-03-02,,,,,,,,2.45
2022-03-08,,,,,2.94,1.61,,
2022-03-09,,,,,,,,2.7
2022-03-15,,,,,2.99,1.65,,
2022-03-16,,,,,,,,2.7
2022-03-22,,,,,2.99,1.71,,
2022-03-23,,,,,,,,2.7
2022-03-29,,,,,3.04,1.75,,
2022-03-30,,,,,,,,2.7
2022-04-01,0.12,315.67,17.41,,,,1.0,
2022-04-05,,,,,3.09,1.85,,
2022-04-06,,,,,,,,2.7
2022-04-12,,,,,3.15,2.05,,
2022-04-13,,,,,,,,2.7
2022-04-19,,,,,3.22,2.25,,
2022-04-20,,,,,,,,3.2
2022-04-26,,,,,3.29,2.3,,
2022-04-27,,,,,,,,3.2
2022-05-01,,,,,,,1.0,
2022-05-03,,,,,3.36,2.33,,
2022-05-04,,,,,,,,3.2
2022-05-10,,,,,3.5,2.4,,
2022-05-11,,,,,,,,3.2
2022-05-17,,,,,3.64,2.49,,
2022-05-18,,,,,,,,3.2
2022-05-24,,,,,3.64,2.55,,
2022-05-25,,,,,,,,3.2
2022-05-31,,,,,3.79,2.7,,
2022-06-01,,,,,,,1.5,3.2
2022-06-07,,,,,3.86,2.8,,
2022-06-08,,,,,,,,3.7
2022-06-14,,,,,3.94,2.88,,
2022-06-15,,,,,,,,3.7
2022-06-21,,,,,4.09,3.0,,
2022-06-22,,,,,,,,3.7
2022-06-28,,,,,4.09,3.0,,
2022-06-29,,,,,,,,3.7
2022-07-01,0.12,303.44,18.86,,,,2.5,
2022-07-05,,,,,4.19,3.1,,
2022-07-06,,,,,,,,3.7
2022-07-12,,,,,4.3,3.2,,
2022-07-13,,,,,,,,3.7
2022-07-19,,,,,4.39,3.8,,
2022-07-20,,,,,,,,4.7
2022-07-26,,,,,4.54,3.8,,
2022-07-27,,,,,,,,4.7
2022-08-01,,,,,,,2.5,
2022-08-02,,,,,4.59,3.8,,
2022-08-03,,,,,,,,4.7
2022-08-09,,,,,4.59,3.8,,
2022-08-10,,,,,,,,4.7
2022-08-16,,,,,4.59,3.8,,
2022-08-17,,,,,,,,4.7
2022-08-23,,,,,4.59,3.99,,
2022-08-24,,,,,,,,4.7
2022-08-30,,,,,4.59,4.0,,
2022-08-31,,,,,,,,4.7
2022-09-01,,,,,,,3.25,
2022-09-06,,,,,4.59,4.2,,
2022-09-07,,,,,,,,4.7
2022-09-13,,,,,4.59,4.55,,
2022-09-14,,,,,,,,5.45
2022-09-20,,,,,4.59,4.55,,
2022-09-21,,,,,,,,5.45
2022-09-27,,,,,4.59,4.55,,
2022-09-28,,,,,,,,5.45
2022-10-01,0.12,285.71,19.54,,,,3.75,
2022-10-04,,,,,4.84,4.55,,
2022-10-05,,,,,,,,5.45
2022-10-11,,,,,4.84,4.85,,
2022-10-12,,,,,,,,5.45
2022-10-18,,,,,5.09,4.9,,
2022-10-19,,,,,,,,5.45
2022-10-25,,,,,5.14,5.0,,
2022-10-26,,,,,,,,5.45
2022-11-01,,,,,5.14,5.05,3.75,
2022-11-02,,,,,,,,5.95
2022-11-08,,,,,5.14,5.05,,
2022-11-09,,,,,,,,5.95
2022-11-15,,,,,5.14,5.05,,
2022-11-16,,,,,,,,5.95
2022-11-22,,,,,5.19,5.05,,
2022-11-23,,,,,,,,5.95
2022-11-29,,,,,5.14,5.05,,
2022-11-30,,,,,,,,5.95
2022-12-01,,,,,,,4.25,
2022-12-06,,,,,4.99,5.35,,
2022-12-07,,,,,,,,5.95
2022-12-13,,,,,4.99,5.55,,
2022-12-14,,,,,,,,6.45
2022-12-20,,,,,4.94,5.55,,
2022-12-21,,,,,,,,6.45
2022-12-27,,,,,4.99,5.55,,
2022-12-28,,,,,,,,6.45
2023-01-01,0.12,280.0,19.72,,,,4.5,
2023-01-03,,,,,4.89,5.6,,
2023-01-04,,,,,,,,6.45
2023-01-10,,,,,4.89,5.55,,
2023-01-11,,,,,,,,6.45
2023-01-17,,,,,4.89,5.7,,
2023-01-18,,,,,,,,6.45
2023-01-24,,,,,4.89,5.55,,
2023-01-25,,,,,,,,6.45
2023-01-31,,,,,4.79,5.8,,
2023-02-01,,,,,,,4.5,6.7
2023-02-07,,,,,4.74,5.8,,
2023-02-08,,,,,,,,6.7
2023-02-14,,,,,4.74,5.8,,
2023-02-15,,,,,,,,6.7
2023-02-21,,,,,4.84,5.8,,
2023-02-22,,,,,,,,6.7
2023-02-28,,,,,4.84,5.8,,
2023-03-01,,,,,,,4.5,6.7
2023-03-07,,,,,4.84,5.8,,
2023-03-08,,,,,,,,6.7
2023-03-14,,,,,4.84,5.8,,
2023-03-15,,,,,,,,6.7
2023-03-21,,,,,4.84,5.8,,
2023-03-22,,,,,,,,6.7
2023-03-28,,,,,4.74,5.8,,
2023-03-29,,,,,,,,6.7
2023-04-01,0.12,283.96,19.66,,,,4.5,
2023-04-04,,,,,4.64,5.8,,
2023-04-05,,,,,,,,6.7
2023-04-11,,,,,4.59,5.8,,
2023-04-12,,,,,,,,6.7
2023-04-18,,,,,4.59,5.8,,
2023-04-19,,,,,,,,6.7
2023-04-25,,,,,4.59,5.8,,
2023-04-26,,,,,,,,6.7
2023-05-01,,,,,,,4.5,
2023-05-02,,,,,4.59,5.8,,
2023-05-03,,,,,,,,6.7
2023-05-09,,,,,4.59,5.8,,
2023-05-10,,,,,,,,6.7
2023-05-16,,,,,4.59,5.8,,
2023-05-17,,,,,,,,6.7
2023-05-23,,,,,4.69,5.8,,
2023-05-24,,,,,,,,6.7
2023-05-30,,,,,4.79,5.8,,
2023-05-31,,,,,,,,6.7
2023-06-01,,,,,,,4.75,
2023-06-06,,,,,4.84,5.9,,
2023-06-07,,,,,,,,6.7
2023-06-13,,,,,4.89,6.05,,
2023-06-14,,,,,,,,6.95
2023-06-20,,,,,4.94,6.05,,
2023-06-21,,,,,,,,6.95
2023-06-27,,,,,4.95,6.05,,
2023-06-28,,,,,,,,6.95
2023-07-01,0.13,286.86,20.41,20.57,,,5.0,
2023-07-04,,,,,5.04,6.05,,
2023-07-05,,,,,,,,6.95
2023-07-11,,,,,5.09,6.05,,
2023-07-12,,,,,,,,6.95
2023-07-18,,,,,5.19,6.2,,
2023-07-19,,,,,,,,7.2
2023-07-25,,,,,5.19,6.3,,
2023-07-26,,,,,,,,7.2
2023-08-01,,,,,5.29,6.3,5.0,
2023-08-02,,,,,,,,7.2
2023-08-08,,,,,5.34,6.3,,
2023-08-09,,,,,,,,7.2
2023-08-15,,,,,5.34,6.3,,
2023-08-16,,,,,,,,7.2
2023-08-22,,,,,5.44,6.3,,
2023-08-23,,,,,,,,7.2
2023-08-29,,,,,5.49,6.3,,
2023-08-30,,,,,,,,7.2
2023-09-01,,,,,,,5.0,
2023-09-05,,,,,5.54,6.3,,
2023-09-06,,,,,,,,7.2
2023-09-12,,,,,5.54,6.3,,
2023-09-13,,,,,,,,7.2
2023-09-19,,,,,5.54,6.3,,
2023-09-20,,,,,,,,7.2
2023-09-26,,,,,5.59,6.3,,
2023-09-27,,,,,,,,7.2
2023-10-01,0.14,275.05,20.6,20.9,,,5.0,
2023-10-03,,,,,5.64,6.3,,
2023-10-04,,,,,,,,7.2
2023-10-10,,,,,5.69,6.3,,
2023-10-11,,,,,,,,7.2
2023-10-17,,,,,5.69,6.3,,
2023-10-18,,,,,,,,7.2
2023-10-24,,,,,5.69,6.3,,
2023-10-25,,,,,,,,7.2
2023-10-31,,,,,5.72,6.3,,
2023-11-01,,,,,,,5.0,7.2
2023-11-07,,,,,5.69,6.3,,
2023-11-08,,,,,,,,7.2
2023-11-14,,,,,5.69,6.3,,
2023-11-15,,,,,,,,7.2
2023-11-21,,,,,5.69,6.3,,
2023-11-22,,,,,,,,7.2
2023-11-28,,,,,5.64,6.3,,
2023-11-29,,,,,,,,7.2
2023-12-01,,,,,,,5.0,
2023-12-05,,,,,5.57,6.3,,
2023-12-06,,,,,,,,7.2
2023-12-12,,,,,5.44,6.3,,
2023-12-13,,,,,,,,7.2
2023-12-19,,,,,5.33,6.3,,
2023-12-20,,,,,,,,7.2
2023-12-26,,,,,5.24,6.3,,
2023-12-27,,,,,,,,7.2
2024-01-01,0.15,279.01,20.37,20.57,,,5.0,
2024-01-02,,,,,5.24,6.3,,
2024-01-03,,,,,,,,7.2
2024-01-09,,,,,5.24,6.3,,
2024-01-10,,,,,,,,7.2
2024-01-16,,,,,5.14,6.3,,
2024-01-17,,,,,,,,7.2
2024-01-23,,,,,5.14,6.3,,
2024-01-24,,,,,,,,7.2
2024-01-30,,,,,5.09,6.3,,
2024-01-31,,,,,,,,7.2
2024-02-01,,,,,,,5.0,
2024-02-06,,,,,5.04,6.3,,
2024-02-07,,,,,,,,7.2
2024-02-13,,,,,5.04,6.3,,
2024-02-14,,,,,,,,7.2
2024-02-20,,,,,5.04,6.3,,
2024-02-21,,,,,,,,7.2
2024-02-27,,,,,4.99,6.3,,
2024-02-28,,,,,,,,7.2
2024-03-01,,,,,,,5.0,
2024-03-05,,,,,4.99,6.3,,
2024-03-06,,,,,,,,7.2
2024-03-12,,,,,4.99,6.3,,
2024-03-13,,,,,,,,7.2
2024-03-19,,,,,4.99,6.3,,
2024-03-20,,,,,,,,7.2
2024-03-26,,,,,4.99,6.3,,
2024-03-27,,,,,,,,7.2
2024-04-01,0.15,,,20.25,,,5.0,
2024-04-02,,,,,4.99,6.3,,
2024-04-03,,,,,,,,7.2
2024-04-09,,,,,4.99,6.3,,
2024-04-10,,,,,,,,7.2
2024-04-16,,,,,4.94,6.3,,
2024-04-17,,,,,,,,7.2
2024-04-23,,,,,4.94,6.28,,
2024-04-24,,,,,,,,7.2
2024-04-30,,,,,4.94,6.25,,
2024-05-01,,,,,,,5.0,7.2
2024-05-07,,,,,4.89,6.25,,
2024-05-08,,,,,,,,7.2
2024-05-14,,,,,4.89,6.25,,
2024-05-15,,,,,,,,7.2
2024-05-21,,,,,4.89,6.25,,
2024-05-22,,,,,,,,7.2
2024-05-28,,,,,4.89,6.25,,
2024-05-29,,,,,,,,7.2
2024-06-01,,,,,,,4.75,
2024-06-04,,,,,4.89,6.0,,
2024-06-05,,,,,,,,7.2
2024-06-11,,,,,4.89,6.0,,
2024-06-12,,,,,,,,6.95
2024-06-18,,,,,4.84,6.0,,
2024-06-19,,,,,,,,6.95
2024-06-25,,,,,4.84,6.0,,
2024-06-26,,,,,,,,6.95
2024-07-01,0.16,,,20.01,,,4.5,
2024-07-02,,,,,4.8,5.95,,
2024-07-03,,,,,,,,6.95
2024-07-09,,,,,4.79,5.95,,
2024-07-10,,,,,,,,6.95
2024-07-16,,,,,4.79,5.9,,
2024-07-17,,,,,,,,6.95
2024-07-23,,,,,4.79,5.75,,
2024-07-24,,,,,,,,6.95
2024-07-30,,,,,4.74,5.75,,
2024-07-31,,,,,,,,6.7
2024-08-01,,,,,,,4.5,
2024-08-06,,,,,4.69,5.75,,
2024-08-07,,,,,,,,6.7
2024-08-13,,,,,4.69,5.7,,
2024-08-14,,,,,,,,6.7
2024-08-20,,,,,4.64,5.6,,
2024-08-21,,,,,,,,6.7
2024-08-27,,,,,4.64,5.7,,
2024-08-28,,,,,,,,6.7
2024-09-01,,,,,,,4.25,
2024-09-03,,,,,4.54,5.5,,
2024-09-04,,,,,,,,6.7
2024-09-10,,,,,4.54,5.5,,
2024-09-11,,,,,,,,6.45
2024-09-17,,,,,4.47,5.5,,
2024-09-18,,,,,,,,6.45
2024-09-24,,,,,4.39,5.5,,
2024-09-25,,,,,,,,6.45
2024-10-01,0.17,,,19.81,4.39,5.5,3.75,
2024-10-02,,,,,,,,6.45
2024-10-08,,,,,4.39,5.45,,
2024-10-09,,,,,,,,6.45
2024-10-15,,,,,4.39,5.35,,
2024-10-16,,,,,,,,6.45
2024-10-22,,,,,4.39,5.05,,
2024-10-23,,,,,,,,6.45
2024-10-29,,,,,4.39,5.05,,
2024-10-30,,,,,,,,5.95
2024-11-01,,,,,,,3.75,
2024-11-05,,,,,4.35,5.05,,
2024-11-06,,,,,,,,5.95
2024-11-12,,,,,4.34,5.05,,
2024-11-13,,,,,,,,5.95
2024-11-19,,,,,4.34,5.05,,
2024-11-20,,,,,,,,5.95
2024-11-26,,,,,4.34,5.01,,
2024-11-27,,,,,,,,5.95
2024-12-01,,,,,,,3.25,
2024-12-03,,,,,4.34,5.0,,
2024-12-04,,,,,,,,5.95
2024-12-10,,,,,4.34,4.6,,
2024-12-11,,,,,,,,5.95
2024-12-17,,,,,4.34,4.6,,
2024-12-18,,,,,,,,5.45
2024-12-24,,,,,4.34,4.6,,
2024-12-25,,,,,,,,5.45
2024-12-31,,,,,4.34,4.55,,
2025-01-01,0.18,,,19.48,,,3.0,5.45
2025-01-07,,,,,4.34,4.55,,
2025-01-08,,,,,,,,5.45
2025-01-14,,,,,4.34,4.55,,
2025-01-15,,,,,,,,5.45
2025-01-21,,,,,4.24,4.55,,
2025-01-22,,,,,,,,5.45
2025-01-28,,,,,4.27,4.45,,
2025-01-29,,,,,,,,5.45
2025-02-01,,,,,,,3.0,
2025-02-04,,,,,4.24,4.4,,
2025-02-05,,,,,,,,5.2
2025-02-11,,,,,4.24,4.35,,
2025-02-12,,,,,,,,5.2
2025-02-18,,,,,4.19,4.35,,
2025-02-19,,,,,,,,5.2
2025-02-25,,,,,4.19,4.35,,
2025-02-26,,,,,,,,5.2
2025-03-01,,,,,,,2.75,
2025-03-04,,,,,4.14,4.35,,
2025-03-05,,,,,,,,5.2
2025-03-11,,,,,4.09,4.25,,
2025-03-12,,,,,,,,5.2
2025-03-18,,,,,3.99,4.15,,
2025-03-19,,,,,,,,4.95
2025-03-25,,,,,3.99,4.15,,
2025-03-26,,,,,,,,4.95
2025-04-01,0.19,,,18.84,3.99,4.15,2.75,
2025-04-02,,,,,,,,4.95
2025-04-08,,,,,3.99,4.2,,
2025-04-09,,,,,,,,4.95
2025-04-15,,,,,3.99,4.2,,
2025-04-16,,,,,,,,4.95
2025-04-22,,,,,3.99,4.2,,
2025-04-23,,,,,,,,4.95
2025-04-29,,,,,3.99,4.2,,
2025-04-30,,,,,,,,4.95
2025-05-01,,,,,,,2.75,
2025-05-06,,,,,3.99,4.2,,
2025-05-07,,,,,,,,4.95
2025-05-13,,,,,3.99,4.24,,
2025-05-14,,,,,,,,4.95
2025-05-20,,,,,3.99,4.2,,
2025-05-21,,,,,,,,4.95
2025-05-27,,,,,3.99,4.25,,
2025-05-28,,,,,,,,4.95
2025-06-01,,,,,,,2.75,
2025-06-03,,,,,4.04,4.25,,
2025-06-04,,,,,,,,4.95
2025-06-10,,,,,4.05,4.25,,
2025-06-11,,,,,,,,4.95
2025-06-17,,,,,4.09,4.25,,
2025-06-18,,,,,,,,4.95
2025-06-24,,,,,4.09,4.25,,
2025-06-25,,,,,,,,4.95
2025-07-01,0.2,,,18.96,4.09,4.25,2.75,
2025-07-02,,,,,,,,4.95
2025-07-08,,,,,4.09,4.25,,
2025-07-09,,,,,,,,4.95
2025-07-15,,,,,4.12,4.25,,
2025-07-16,,,,,,,,4.95
2025-07-22,,,,,4.14,4.25,,
2025-07-23,,,,,,,,4.95
2025-07-29,,,,,4.19,4.25,,
2025-07-30,,,,,,,,4.95
2025-08-01,,,,,,,2.75,
2025-08-05,,,,,4.19,4.25,,
2025-08-06,,,,,,,,4.95
2025-08-12,,,,,4.19,4.2,,
2025-08-13,,,,,,,,4.95
2025-08-19,,,,,4.19,4.25,,
2025-08-20,,,,,,,,4.95
2025-08-26,,,,,4.2,4.27,,
2025-08-27,,,,,,,,4.95
2025-09-01,,,,,,,2.5,
2025-09-02,,,,,4.24,4.3,,
2025-09-03,,,,,,,,4.95
2025-09-09,,,,,4.26,4.3,,
2025-09-10,,,,,,,,4.95
2025-09-16,,,,,4.24,4.15,,
2025-09-17,,,,,,,,4.95
2025-09-23,,,,,4.24,4.05,,
2025-09-24,,,,,,,,4.7
2025-09-30,,,,,4.24,4.05,,
2025-10-01,0.21,,,18.77,,,2.25,4.7
2025-10-07,,,,,4.19,4.05,,
2025-10-08,,,,,,,,4.7
2025-10-14,,,,,4.19,4.05,,
2025-10-15,,,,,,,,4.7
2025-10-21,,,,,4.19,4.0,,
2025-10-22,,,,,,,,4.7
2025-10-28,,,,,4.14,3.9,,
2025-10-29,,,,,,,,4.7
2025-11-01,,,,,,,2.25,
2025-11-04,,,,,4.14,3.8,,
2025-11-05,,,,,,,,4.45
2025-11-11,,,,,4.04,3.75,,
2025-11-12,,,,,,,,4.45
2025-11-18,,,,,4.04,3.75,,
2025-11-19,,,,,,,,4.45
2025-11-25,,,,,4.04,3.75,,
2025-11-26,,,,,,,,4.45
2025-12-01,,,,,,,2.25,
2025-12-02,,,,,4.04,3.75,,
2025-12-03,,,,,,,,4.45
2025-12-09,,,,,4.09,3.75,,
2025-12-10,,,,,,,,4.45
2025-12-16,,,,,4.14,3.75,,
2025-12-17,,,,,,,,4.45
2025-12-23,,,,,4.19,3.75,,
2025-12-24,,,,,,,,4.45
2025-12-30,,,,,4.14,3.75,,
2025-12-31,,,,,,,,4.45
2026-01-01,,,,,,,2.25,
2026-01-06,,,,,4.19,3.75,,
2026-01-07,,,,,,,,4.45
2026-01-13,,,,,4.14,3.7,,
2026-01-14,,,,,,,,4.45
2026-01-20,,,,,4.14,3.7,,
2026-01-21,,,,,,,,4.45
2026-01-27,,,,,4.14,3.7,,
2026-01-28,,,,,,,,4.45
2026-02-01,,,,,,,2.25,
2026-02-03,,,,,4.11,3.7,,
2026-02-04,,,,,,,,4.45
2026-02-10,,,,,4.09,3.7,,
2026-02-11,,,,,,,,4.45
2026-02-17,,,,,4.09,3.7,,
2026-02-18,,,,,,,,4.45
2026-02-24,,,,,3.99,3.7,,
2026-02-25,,,,,,,,4.45
2026-03-01,,,,,,,2.25,
2026-03-03,,,,,3.99,3.7,,
2026-03-04,,,,,,,,4.45
2026-03-11,,,,,,,,4.45
2026-03-18,,,,,,,,4.45
2026-03-25,,,,,,,,4.45
2026-04-01,,,,,,,2.25,4.45
2026-04-08,,,,,,,,4.45
2026-04-15,,,,,,,,4.45
2026-04-22,,,,,,,,4.45
2026-04-29,,,,,,,,4.45
2026-05-01,,,,,,,2.25,
2026-05-06,,,,,,,,4.45
2026-05-13,,,,,,,,4.45
2026-05-20,,,,,,,,4.45
2026-05-27,,,,,,,,4.45
2026-06-03,,,,,,,,4.45
2026-06-10,,,,,,,,4.45
2026-06-17,,,,,,,,4.45
